"","NAME","SIZE","MILK","SERVING_SIZE_ml","CALORIES","TOTAL_FAT_g","SATURATED_FAT_g","TRANS_FAT_g","CHOLESTEROL_mg","SODIUM_mg","TOTAL_CARB_g","DIETARY_FIBER_g","SUGAR_g","PROTEIN_g","CALCIUM_mg","CALCIUM_pcdv","IRON_mg","IRON_pcdv","CAFFEINE_mg"
"1","Iced Green Tea Sweetened ","Medium",NA,"709",100,0,0,0,0,10,25,0,25,1,6,0,0,0,NA
"2","Iced Green Tea Sweetened ","Small",NA,"354",70,0,0,0,0,10,16,0,16,1,5,0,0,0,NA
"3","Iced Green Tea Unsweetened ","Large",NA,"946",5,0,0,0,0,15,0,0,0,1,10,0.01,0,0,NA
"4","Iced Green Tea Unsweetened ","Medium",NA,"709",5,0,0,0,0,10,0,0,0,1,6,0,0,0,NA
"5","Iced Green Tea Unsweetened ","Small",NA,"354",5,0,0,0,0,10,0,0,0,1,5,0,0,0,NA
"6","Iced Tea Sweetened ","Large",NA,"946",140,0,0,0,0,25,35,0,33,0,10,0.01,0,0,NA
"7","Iced Tea Sweetened ","Medium",NA,"709",100,0,0,0,0,20,26,0,25,0,6,0,0,0,NA
"8","Iced Tea Sweetened ","Small",NA,"354",70,0,0,0,0,15,17,0,16,0,5,0,0,0,NA
"9","Iced Tea Sweetened Blueberry Flavored Tea ","Large",NA,"946",150,0,0,0,0,25,38,0,33,0,10,0.01,0,0,NA
"10","Iced Tea Sweetened Blueberry Flavored Tea ","Medium",NA,"709",110,0,0,0,0,20,28,0,25,0,6,0,0,0,NA
"11","Iced Tea Sweetened Blueberry Flavored Tea ","Small",NA,"354",80,0,0,0,0,15,19,0,17,0,5,0,0,0,NA
"12","Iced Tea Sweetened Raspberry Flavored ","Large",NA,"946",150,0,0,0,0,25,38,0,33,0,10,0.01,0,0,NA
"13","Iced Tea Sweetened Raspberry Flavored ","Medium",NA,"709",110,0,0,0,0,20,29,0,25,0,6,0,0,0,NA
"14","Iced Tea Sweetened Raspberry Flavored ","Small",NA,"354",80,0,0,0,0,15,19,0,17,0,5,0,0,0,NA
"15","Iced Tea Unsweetened ","Large",NA,"946",5,0,0,0,0,25,2,0,0,0,10,0.01,0,0,NA
"16","Iced Tea Unsweetened ","Medium",NA,"709",5,0,0,0,0,20,1,0,0,0,6,0,0,0,NA
"17","Iced Tea Unsweetened ","Small",NA,"354",5,0,0,0,0,15,1,0,0,0,5,0,0,0,NA
"18","Iced Tea Unsweetened Blueberry Flavored Tea ","Large",NA,"946",20,0,0,0,0,25,5,0,0,0,10,0.01,0,0,NA
"19","Iced Tea Unsweetened Blueberry Flavored Tea ","Medium",NA,"709",15,0,0,0,0,20,3,0,0,0,6,0,0,0,NA
"20","Iced Tea Unsweetened Blueberry Flavored Tea ","Small",NA,"354",10,0,0,0,0,15,2,0,0,0,5,0,0,0,NA
"21","Iced Tea Unsweetened Raspberry Flavored ","Large",NA,"946",20,0,0,0,0,25,5,0,0,0,10,0.01,0,0,NA
"22","Iced Tea Unsweetened Raspberry Flavored ","Medium",NA,"709",15,0,0,0,0,20,4,0,0,0,6,0,0,0,NA
"23","Iced Tea Unsweetened Raspberry Flavored ","Small",NA,"354",10,0,0,0,0,15,3,0,0,0,5,0,0,0,NA
"24","Sweet Iced Tea ","Large",NA,"946",310,0,0,0,0,25,79,0,78,0,10,0.01,0,0,NA
"25","Sweet Iced Tea ","Medium",NA,"709",230,0,0,0,0,20,60,0,58,0,7,0.01,0,0,NA
"26","Sweet Iced Tea ","Small",NA,"354",150,0,0,0,0,15,40,0,39,0,5,0,0,0,NA
"27","Sweet Iced Tea Blueberry Flavored ","Large",NA,"946",330,0,0,0,0,30,86,0,81,0,10,0.01,0,0,NA
"28","Sweet Iced Tea Blueberry Flavored ","Medium",NA,"709",250,0,0,0,0,20,64,0,60,0,7,0.01,0,0,NA
"29","Sweet Iced Tea Blueberry Flavored ","Small",NA,"354",170,0,0,0,0,15,43,0,40,0,5,0,0,0,NA
"30","Sweet Iced Tea Raspberry Flavored ","Large",NA,"946",330,0,0,0,0,30,86,0,81,0,10,0.01,0,0,NA
"31","Sweet Iced Tea Raspberry Flavored ","Medium",NA,"709",250,0,0,0,0,20,65,0,60,0,7,0.01,0,0,NA
"32","Sweet Iced Tea Raspberry Flavored ","Small",NA,"354",170,0,0,0,0,15,43,0,40,0,5,0,0,0,NA
"33","Caramel Swirl Iced Macchiato with Skim Milk ","Large","Nonfat","946",310,0,0,0,10,200,66,0,63,11,420,0.32,0,0,NA
"34","Caramel Swirl Iced Macchiato with Skim Milk ","Medium","Nonfat","709",240,0,0,0,5,150,49,0,47,8,314,0.24,0,0,NA
"35","Caramel Swirl Iced Macchiato with Skim Milk ","Small","Nonfat","354",160,0,0,0,5,105,33,0,32,6,211,0.16,0,0,NA
"36","Caramel Swirl Iced Macchiato with Whole Milk ","Large","Whole","946",380,8,4.5,0,30,200,65,0,63,11,397,0.31,0,0,NA
"37","Caramel Swirl Iced Macchiato with Whole Milk ","Medium","Whole","709",290,6,3.5,0,20,150,49,0,47,8,297,0.23,0,0,NA
"38","Caramel Swirl Iced Macchiato with Whole Milk ","Small","Whole","354",190,4,2.5,0,15,105,33,0,31,5,199,0.15,0,0,NA
"39","French Vanilla Swirl Iced Macchiato with Skim Milk ","Large","Nonfat","946",310,0,0,0,10,190,65,0,61,11,401,0.31,0,0,NA
"40","French Vanilla Swirl Iced Macchiato with Skim Milk ","Medium","Nonfat","709",230,0,0,0,5,150,49,0,46,8,300,0.23,0,0,NA
"41","French Vanilla Swirl Iced Macchiato with Skim Milk ","Small","Nonfat","354",160,0,0,0,5,100,33,0,30,5,201,0.15,0,0,NA
"42","French Vanilla Swirl Iced Macchiato with Whole Milk ","Large","Whole","946",380,8,4.5,0,30,200,65,0,60,10,378,0.29,0,0,NA
"43","French Vanilla Swirl Iced Macchiato with Whole Milk ","Medium","Whole","709",280,6,3.5,0,20,150,49,0,45,8,283,0.22,0,0,NA
"44","French Vanilla Swirl Iced Macchiato with Whole Milk ","Small","Whole","354",190,4,2.5,0,15,100,33,0,30,5,189,0.15,0,0,NA
"45","Hazelnut Swirl Iced Macchiato with Skim Milk ","Large","Nonfat","946",310,0,0,0,10,190,65,0,61,11,401,0.31,0,0,NA
"46","Hazelnut Swirl Iced Macchiato with Skim Milk ","Medium","Nonfat","709",230,0,0,0,5,150,49,0,46,8,300,0.23,0,0,NA
"47","Hazelnut Swirl Iced Macchiato with Skim Milk ","Small","Nonfat","354",160,0,0,0,5,100,33,0,30,5,201,0.15,0,0,NA
"48","Hazelnut Swirl Iced Macchiato with Whole Milk ","Large","Whole","946",380,8,4.5,0,30,200,65,0,60,10,378,0.29,0,0,NA
"49","Hazelnut Swirl Iced Macchiato with Whole Milk ","Medium","Whole","709",280,6,3.5,0,20,150,49,0,45,8,283,0.22,0,0,NA
"50","Hazelnut Swirl Iced Macchiato with Whole Milk ","Small","Whole","354",190,4,2.5,0,15,100,33,0,30,5,189,0.15,0,0,NA
"51","Iced Macchiato with Skim Milk ","Large","Nonfat","946",90,0,0,0,5,135,14,0,12,8,317,0.24,0,0,NA
"52","Iced Macchiato with Skim Milk ","Medium","Nonfat","709",70,0,0,0,5,100,11,0,9,6,237,0.18,0,0,NA
"53","Iced Macchiato with Skim Milk ","Small","Nonfat","354",50,0,0,0,0,70,7,0,6,4,159,0.12,0,0,NA
"54","Iced Macchiato with Skim Milk and Sugar ","Large","Nonfat","946",230,0,0,0,5,135,49,0,47,8,317,0.24,0,0,NA
"55","Iced Macchiato with Skim Milk and Sugar ","Medium","Nonfat","709",170,0,0,0,5,100,37,0,35,6,237,0.18,0,0,NA
"56","Iced Macchiato with Skim Milk and Sugar ","Small","Nonfat","354",120,0,0,0,0,70,25,0,23,4,159,0.12,0,0,NA
"57","Iced Macchiato with Whole Milk ","Large","Whole","946",160,8,4.5,0,25,135,14,0,12,8,294,0.23,0,0,NA
"58","Iced Macchiato with Whole Milk ","Medium","Whole","709",120,6,3.5,0,20,105,10,0,9,6,220,0.17,0,0,NA
"59","Iced Macchiato with Whole Milk ","Small","Whole","354",80,4,2.5,0,10,70,7,0,6,4,147,0.11,0,0,NA
"60","Iced Macchiato with Whole Milk and Sugar ","Large","Whole","946",290,8,4.5,0,25,140,49,0,46,8,294,0.23,0,0,NA
"61","Iced Macchiato with Whole Milk and Sugar ","Small","Whole","354",150,4,2.5,0,10,70,25,0,23,4,148,0.11,0,0,NA
"62","Iced Macchiato with Whole Milk and Sugar","Medium","Whole","709",220,6,3.5,0,20,105,37,0,35,6,220,0.17,0,0,NA
"63","Mocha Swirl Iced Macchiato with Skim Milk ","Large","Nonfat","946",300,1,0.5,0,5,160,65,2,58,10,327,0.25,2,0.11,NA
"64","Mocha Swirl Iced Macchiato with Skim Milk ","Medium","Nonfat","709",230,1,0.5,0,5,125,49,2,43,7,245,0.19,2,0.11,NA
"65","Mocha Swirl Iced Macchiato with Skim Milk ","Small","Nonfat","354",150,0.5,0,0,0,85,33,1,29,5,164,0.13,1,0.06,NA
"66","Mocha Swirl Iced Macchiato with Whole Milk ","Large","Whole","946",370,9,5,0,25,170,64,2,57,9,305,0.23,2,0.11,NA
"67","Mocha Swirl Iced Macchiato with Whole Milk ","Medium","Whole","709",280,7,4,0,20,125,48,2,43,7,228,0.18,2,0.11,NA
"68","Mocha Swirl Iced Macchiato with Whole Milk ","Small","Whole","354",180,4.5,2.5,0,10,85,32,1,29,5,153,0.12,1,0.06,NA
"69","Iced Green Tea Sweetened ","Large",NA,"946",140,0,0,0,0,15,33,0,33,1,10,0.01,0,0,NA
"70","Caramel Swirl Iced Latte with Skim Milk ","Small","Nonfat","354",180,0,0,0,5,125,36,0,35,8,284,0.22,0,0,NA
"71","Caramel Swirl Iced Latte with Whole Milk ","Large","Whole","946",450,12,7,0,40,250,70,0,69,14,534,0.41,0,0,NA
"72","Caramel Swirl Iced Latte with Whole Milk ","Medium","Whole","709",340,9,5,0,30,190,53,0,52,11,400,0.31,0,0,NA
"73","Caramel Swirl Iced Latte with Whole Milk ","Small","Whole","354",230,6,3.5,0,20,125,35,0,34,7,267,0.21,0,0,NA
"74","French Vanilla Swirl Iced Latte with Skim Milk ","Large","Nonfat","946",350,0,0,0,10,240,71,0,67,15,549,0.42,0,0,NA
"75","French Vanilla Swirl Iced Latte with Skim Milk ","Medium","Nonfat","709",260,0,0,0,10,180,53,0,50,11,411,0.32,0,0,NA
"76","French Vanilla Swirl Iced Latte with Skim Milk ","Small","Nonfat","354",170,0,0,0,5,120,35,0,33,7,275,0.21,0,0,NA
"77","French Vanilla Swirl Iced Latte with Whole Milk ","Large","Whole","946",450,12,7,0,40,240,70,0,66,14,515,0.4,0,0,NA
"78","French Vanilla Swirl Iced Latte with Whole Milk ","Medium","Whole","709",330,9,5,0,30,180,52,0,50,11,385,0.3,0,0,NA
"79","French Vanilla Swirl Iced Latte with Whole Milk ","Small","Whole","354",220,6,3.5,0,20,120,35,0,33,7,258,0.2,0,0,NA
"80","Hazelnut Swirl Iced Latte with Skim Milk ","Large","Nonfat","946",350,0,0,0,10,240,71,0,67,15,549,0.42,0,0,NA
"81","Hazelnut Swirl Iced Latte with Skim Milk ","Medium","Nonfat","709",260,0,0,0,10,180,53,0,50,11,411,0.32,0,0,NA
"82","Hazelnut Swirl Iced Latte with Skim Milk ","Small","Nonfat","354",170,0,0,0,5,120,35,0,33,7,275,0.21,0,0,NA
"83","Hazelnut Swirl Iced Latte with Whole Milk ","Large","Whole","946",450,12,7,0,40,240,70,0,66,14,515,0.4,0,0,NA
"84","Hazelnut Swirl Iced Latte with Whole Milk ","Medium","Whole","709",340,9,5,0,30,180,53,0,50,11,385,0.3,0,0,NA
"85","Hazelnut Swirl Iced Latte with Whole Milk ","Small","Whole","354",220,6,3.5,0,20,120,35,0,33,7,258,0.2,0,0,NA
"86","Iced Latte with AlmondMilk ","Large","Almond","946",130,3.5,0,0,0,260,23,1,20,2,715,0.55,1,0.06,NA
"87","Iced Latte with AlmondMilk ","Medium","Almond","709",100,3,0,0,0,190,17,1,15,1,536,0.41,1,0.06,NA
"88","Iced Latte with AlmondMilk ","Small","Almond","354",70,2,0,0,0,130,11,0,10,1,358,0.28,1,0.06,NA
"89","Iced Latte with Skim Milk ","Large","Nonfat","946",130,0,0,0,5,180,20,0,18,12,465,0.36,0,0,NA
"90","Iced Latte with Skim Milk ","Medium","Nonfat","709",100,0,0,0,5,135,15,0,14,9,348,0.27,0,0,NA
"91","Iced Latte with Skim Milk ","Small","Nonfat","354",70,0,0,0,5,90,10,0,9,6,233,0.18,0,0,NA
"92","Iced Latte with Skim Milk and Sugar ","Large","Nonfat","946",270,0,0,0,5,180,54,0,53,12,465,0.36,0,0,NA
"93","Iced Latte with Skim Milk and Sugar ","Medium","Nonfat","709",200,0,0,0,5,135,41,0,40,9,348,0.27,0,0,NA
"94","Iced Latte with Skim Milk and Sugar ","Small","Nonfat","354",130,0,0,0,5,90,27,0,26,6,233,0.18,0,0,NA
"95","Iced Latte with Whole Milk ","Large","Whole","946",230,12,7,0,35,180,19,0,18,12,431,0.33,0,0,NA
"96","Iced Latte with Whole Milk ","Medium","Whole","709",170,9,5,0,25,135,14,0,13,9,322,0.25,0,0,NA
"97","Iced Latte with Whole Milk ","Small","Whole","354",120,6,3.5,0,20,90,9,0,9,6,216,0.17,0,0,NA
"98","Iced Latte with Whole Milk and Sugar ","Large","Whole","946",370,12,7,0,35,180,54,0,52,12,431,0.33,0,0,NA
"99","Iced Latte with Whole Milk and Sugar ","Medium","Whole","709",270,9,5,0,25,135,40,0,39,9,323,0.25,0,0,NA
"100","Iced Latte with Whole Milk and Sugar ","Small","Whole","354",180,6,3.5,0,20,90,27,0,26,6,216,0.17,0,0,NA
"101","Mocha Swirl Iced Latte with Skim Milk ","Large","Nonfat","946",340,1,0.5,0,5,210,70,2,64,14,476,0.37,2,0.11,NA
"102","Mocha Swirl Iced Latte with Skim Milk ","Medium","Nonfat","709",250,1,0.5,0,5,160,52,2,48,10,356,0.27,1,0.06,NA
"103","Mocha Swirl Iced Latte with Skim Milk ","Small","Nonfat","354",170,0.5,0,0,5,105,35,1,32,7,238,0.18,1,0.06,NA
"104","Mocha Swirl Iced Latte with Whole Milk ","Large","Whole","946",440,13,7,0,35,220,69,2,63,13,442,0.34,2,0.11,NA
"105","Mocha Swirl Iced Latte with Whole Milk ","Medium","Whole","709",330,10,6,0,25,160,52,2,47,10,330,0.25,1,0.06,NA
"106","Mocha Swirl Iced Latte with Whole Milk ","Small","Whole","354",220,6,3.5,0,20,110,35,1,32,7,221,0.17,1,0.06,NA
"107","Signature Caramel Craze Iced Latte with Skim Milk ","Large","Nonfat","946",430,6,3.5,0,30,250,79,0,75,16,586,0.45,0,0,NA
"108","Signature Caramel Craze Iced Latte with Skim Milk ","Medium","Nonfat","709",340,5,3,0,25,190,61,0,57,12,442,0.34,0,0,NA
"109","Signature Caramel Craze Iced Latte with Skim Milk ","Small","Nonfat","354",250,5,3,0,20,130,43,0,40,8,303,0.23,0,0,NA
"110","Signature Caramel Craze Iced Latte with Whole Milk ","Large","Whole","946",530,17,10,0.5,60,250,79,0,74,15,551,0.42,0,0,NA
"111","Signature Caramel Craze Iced Latte with Whole Milk ","Medium","Whole","709",410,14,8,0,45,190,61,0,57,11,416,0.32,0,0,NA
"112","Signature Caramel Craze Iced Latte with Whole Milk ","Small","Whole","354",300,11,6,0,35,130,43,0,39,8,285,0.22,0,0,NA
"113","Signature Cocoa Mocha Iced Latte with Skim Milk ","Large","Nonfat","946",420,6,4,0,25,220,78,2,69,15,495,0.38,2,0.11,NA
"114","Signature Cocoa Mocha Iced Latte with Skim Milk ","Medium","Nonfat","709",330,6,3.5,0,20,160,60,2,52,11,373,0.29,2,0.11,NA
"115","Signature Cocoa Mocha Iced Latte with Skim Milk ","Small","Nonfat","354",250,5,3.5,0,20,115,43,1,36,8,255,0.2,1,0.06,NA
"116","Signature Cocoa Mocha Iced Latte with Whole Milk ","Large","Whole","946",520,18,11,0.5,55,220,77,2,68,14,460,0.35,2,0.11,NA
"117","Signature Cocoa Mocha Iced Latte with Whole Milk ","Medium","Whole","709",400,14,9,0,45,170,60,2,52,10,347,0.27,2,0.11,NA
"118","Signature Cocoa Mocha Iced Latte with Whole Milk ","Small","Whole","354",300,11,7,0,35,115,42,1,36,7,238,0.18,1,0.06,NA
"119","Caramel Swirl Iced Coffee ","Large",NA,"946",230,0,0,0,5,85,52,0,51,3,123,0.09,0,0,NA
"120","Caramel Swirl Iced Coffee ","Medium",NA,"709",170,0,0,0,5,65,39,0,38,3,92,0.07,0,0,NA
"121","Caramel Swirl Iced Coffee ","Small",NA,"354",110,0,0,0,0,45,26,0,26,2,62,0.05,0,0,NA
"122","Caramel Swirl Iced Coffee with Cream ","Large","Cream","946",340,12,6,0,40,130,53,0,53,5,177,0.14,0,0,NA
"123","Caramel Swirl Iced Coffee with Cream ","Medium","Cream","709",260,9,4.5,0,30,95,40,0,40,4,132,0.1,0,0,NA
"124","Caramel Swirl Iced Coffee with Cream ","Small","Cream","354",170,6,3,0,20,65,27,0,26,3,89,0.07,0,0,NA
"125","French Vanilla Swirl Iced Coffee ","Large",NA,"946",220,0,0,0,5,80,51,0,49,3,104,0.08,0,0,NA
"126","French Vanilla Swirl Iced Coffee ","Medium",NA,"709",170,0,0,0,5,60,38,0,37,2,77,0.06,0,0,NA
"127","French Vanilla Swirl Iced Coffee ","Small",NA,"354",110,0,0,0,0,40,26,0,24,2,52,0.04,0,0,NA
"128","French Vanilla Swirl Iced Coffee with Cream ","Large","Cream","946",340,12,6,0,40,120,53,0,50,5,157,0.12,0,0,NA
"129","French Vanilla Swirl Iced Coffee with Cream ","Medium","Cream","709",250,9,4.5,0,30,90,40,0,38,4,118,0.09,0,0,NA
"130","French Vanilla Swirl Iced Coffee with Cream ","Small","Cream","354",170,6,3,0,20,60,26,0,25,2,79,0.06,0,0,NA
"131","Hazelnut Swirl Iced Coffee ","Large",NA,"946",220,0,0,0,5,80,51,0,49,3,104,0.08,0,0,NA
"132","Hazelnut Swirl Iced Coffee ","Medium",NA,"709",170,0,0,0,5,60,38,0,37,2,77,0.06,0,0,NA
"133","Hazelnut Swirl Iced Coffee ","Small",NA,"354",110,0,0,0,0,40,26,0,24,2,53,0.04,0,0,NA
"134","Hazelnut Swirl Iced Coffee with Cream ","Large","Cream","946",340,12,6,0,40,120,53,0,50,5,157,0.12,0,0,NA
"135","Hazelnut Swirl Iced Coffee with Cream ","Medium","Cream","709",250,9,4.5,0,30,90,40,0,38,4,118,0.09,0,0,NA
"136","Hazelnut Swirl Iced Coffee with Cream ","Small","Cream","354",170,6,3,0,20,60,27,0,25,2,79,0.06,0,0,NA
"137","Iced Cafe Au Lait with Skim Milk ","Large","Nonfat","946",90,0,0,0,5,120,12,0,12,9,315,0.24,0,0,NA
"138","Iced Cafe Au Lait with Skim Milk ","Medium","Nonfat","709",60,0,0,0,5,90,9,0,9,6,235,0.18,0,0,NA
"139","Iced Cafe Au Lait with Skim Milk ","Small","Nonfat","354",45,0,0,0,0,60,6,0,6,4,158,0.12,0,0,NA
"140","Iced Cafe Au Lait with Whole Milk ","Large","Whole","946",150,8,4.5,0,25,120,12,0,12,8,292,0.22,0,0,NA
"141","Iced Cafe Au Lait with Whole Milk ","Medium","Whole","709",110,6,3.5,0,20,90,9,0,9,6,218,0.17,0,0,NA
"142","Iced Cafe Au Lait with Whole Milk ","Small","Whole","354",80,4,2.5,0,10,60,6,0,6,4,146,0.11,0,0,NA
"143","Iced Coffee ","Large",NA,"946",5,0,0,0,0,20,0,0,0,1,21,0.02,0,0,NA
"144","Iced Coffee ","Medium",NA,"709",5,0,0,0,0,15,0,0,0,0,15,0.01,0,0,NA
"145","Iced Coffee ","Small",NA,"354",5,0,0,0,0,10,0,0,0,0,11,0.01,0,0,NA
"146","Iced Coffee with AlmondMilk ","Large","Almond","946",35,1,0,0,0,75,5,0,5,1,193,0.15,0,0,NA
"147","Iced Coffee with AlmondMilk ","Medium","Almond","709",25,0.5,0,0,0,50,4,0,3,1,130,0.1,0,0,NA
"148","Iced Coffee with AlmondMilk ","Small","Almond","354",15,0,0,0,0,30,2,0,2,0,68,0.05,0,0,NA
"149","Iced Coffee with Cream ","Large","Cream","946",120,12,6,0,35,65,2,0,2,2,75,0.06,0,0,NA
"150","Iced Coffee with Cream ","Medium","Cream","709",90,9,4.5,0,25,45,1,0,1,2,55,0.04,0,0,NA
"151","Iced Coffee with Cream ","Small","Cream","354",60,6,3,0,20,30,1,0,1,1,37,0.03,0,0,NA
"152","Iced Coffee with Cream and Sugar ","Large","Cream","946",260,12,6,0,35,65,37,0,36,2,75,0.06,0,0,NA
"153","Iced Coffee with Cream and Sugar ","Medium","Cream","709",190,9,4.5,0,25,45,27,0,27,2,55,0.04,0,0,NA
"154","Iced Coffee with Cream and Sugar ","Small","Cream","354",130,6,3,0,20,30,18,0,18,1,38,0.03,0,0,NA
"155","Iced Coffee with Skim Milk ","Large","Nonfat","946",25,0,0,0,0,45,3,0,3,3,94,0.07,0,0,NA
"156","Iced Coffee with Skim Milk ","Medium","Nonfat","709",20,0,0,0,0,35,2,0,2,2,70,0.05,0,0,NA
"157","Iced Coffee with Skim Milk ","Small","Nonfat","354",15,0,0,0,0,25,2,0,2,1,47,0.04,0,0,NA
"158","Iced Coffee with Skim Milk and Sugar ","Large","Nonfat","946",160,0,0,0,0,45,38,0,38,3,95,0.07,0,0,NA
"159","Iced Coffee with Skim Milk and Sugar ","Medium","Nonfat","709",120,0,0,0,0,35,28,0,28,2,70,0.05,0,0,NA
"160","Iced Coffee with Skim Milk and Sugar ","Small","Nonfat","354",80,0,0,0,0,25,19,0,19,1,47,0.04,0,0,NA
"161","Iced Coffee with Sugar ","Large",NA,"946",140,0,0,0,0,20,35,0,35,1,21,0.02,0,0,NA
"162","Iced Coffee with Sugar ","Medium",NA,"709",110,0,0,0,0,15,26,0,26,0,15,0.01,0,0,NA
"163","Iced Coffee with Sugar ","Small",NA,"354",70,0,0,0,0,10,17,0,17,0,11,0.01,0,0,NA
"164","Iced Coffee with Whole Milk ","Large","Whole","946",40,2,1,0,5,45,3,0,3,3,89,0.07,0,0,NA
"165","Iced Coffee with Whole Milk ","Medium","Whole","709",30,1.5,1,0,5,35,2,0,2,2,66,0.05,0,0,NA
"166","Iced Coffee with Whole Milk ","Small","Whole","354",20,1,0.5,0,5,25,1,0,1,1,44,0.03,0,0,NA
"167","Iced Coffee with Whole Milk and Sugar ","Large","Whole","946",180,2,1,0,5,45,38,0,38,3,89,0.07,0,0,NA
"168","Iced Coffee with Whole Milk and Sugar ","Medium","Whole","709",130,1.5,1,0,5,35,28,0,28,2,66,0.05,0,0,NA
"169","Iced Coffee with Whole Milk and Sugar ","Small","Whole","354",90,1,0.5,0,5,25,19,0,19,1,45,0.03,0,0,NA
"170","Mocha Swirl Iced Coffee Large","Large",NA,"946",210,1,0,0,0,50,50,2,46,2,31,0.02,2,0.11,NA
"171","Mocha Swirl Iced Coffee Medium","Medium",NA,"709",160,0.5,0,0,0,35,38,2,34,2,23,0.02,1,0.06,NA
"172","Mocha Swirl Iced Coffee Small","Small",NA,"354",110,0,0,0,0,25,25,1,23,1,16,0.01,1,0.06,NA
"173","Mocha Swirl Iced Coffee with Cream ","Large","Cream","946",330,12,7,0,35,90,52,2,47,4,84,0.06,2,0.11,NA
"174","Mocha Swirl Iced Coffee with Cream ","Medium","Cream","709",240,9,5,0,25,65,39,2,35,3,63,0.05,1,0.06,NA
"175","Mocha Swirl Iced Coffee with Cream ","Small","Cream","354",160,6,3.5,0,20,45,26,1,24,2,43,0.03,1,0.06,NA
"176","Caramel Swirl Iced Latte with Skim Milk ","Large","Nonfat","946",350,0,0,0,10,250,71,0,69,15,568,0.44,0,0,NA
"177","Caramel Swirl Iced Latte with Skim Milk ","Medium","Nonfat","709",260,0,0,0,10,190,53,0,52,11,426,0.33,0,0,NA
"178","French Vanilla Swirl Iced Cappuccino with Skim Milk ","Large","Nonfat","946",310,0,0,0,10,190,65,0,61,11,400,0.31,0,0,NA
"179","French Vanilla Swirl Iced Cappuccino with Skim Milk ","Medium","Nonfat","709",230,0,0,0,5,140,48,0,46,8,299,0.23,0,0,NA
"180","French Vanilla Swirl Iced Cappuccino with Skim Milk ","Small","Nonfat","354",150,0,0,0,5,95,32,0,30,5,200,0.15,0,0,NA
"181","French Vanilla Swirl Iced Cappuccino with Whole Milk ","Large","Whole","946",370,8,4.5,0,30,190,64,0,60,10,377,0.29,0,0,NA
"182","French Vanilla Swirl Iced Cappuccino with Whole Milk ","Medium","Whole","709",280,6,3.5,0,20,140,48,0,45,8,282,0.22,0,0,NA
"183","French Vanilla Swirl Iced Cappuccino with Whole Milk ","Small","Whole","354",190,4,2.5,0,15,95,32,0,30,5,189,0.15,0,0,NA
"184","Hazelnut Swirl Iced Cappuccino with Skim Milk ","Large","Nonfat","946",310,0,0,0,10,190,65,0,61,11,400,0.31,0,0,NA
"185","Hazelnut Swirl Iced Cappuccino with Skim Milk ","Medium","Nonfat","709",230,0,0,0,5,140,49,0,46,8,299,0.23,0,0,NA
"186","Hazelnut Swirl Iced Cappuccino with Skim Milk ","Small","Nonfat","354",150,0,0,0,5,95,32,0,30,5,200,0.15,0,0,NA
"187","Hazelnut Swirl Iced Cappuccino with Whole Milk ","Large","Whole","946",370,8,4.5,0,30,190,64,0,60,10,377,0.29,0,0,NA
"188","Hazelnut Swirl Iced Cappuccino with Whole Milk ","Medium","Whole","709",280,6,3.5,0,20,140,48,0,45,8,282,0.22,0,0,NA
"189","Hazelnut Swirl Iced Cappuccino with Whole Milk ","Small","Whole","354",190,4,2.5,0,15,95,32,0,30,5,189,0.15,0,0,NA
"190","Iced Cappuccino with Skim Milk ","Large","Nonfat","946",90,0,0,0,5,130,13,0,12,8,316,0.24,0,0,NA
"191","Iced Cappuccino with Skim Milk ","Medium","Nonfat","709",70,0,0,0,5,95,10,0,9,6,236,0.18,0,0,NA
"192","Iced Cappuccino with Skim Milk ","Small","Nonfat","354",45,0,0,0,0,65,7,0,6,4,158,0.12,0,0,NA
"193","Iced Cappuccino with Skim Milk and Sugar ","Large","Nonfat","946",230,0,0,0,5,130,48,0,47,8,316,0.24,0,0,NA
"194","Iced Cappuccino with Skim Milk and Sugar ","Medium","Nonfat","709",170,0,0,0,5,95,36,0,35,6,236,0.18,0,0,NA
"195","Iced Cappuccino with Skim Milk and Sugar ","Small","Nonfat","354",110,0,0,0,0,65,24,0,23,4,158,0.12,0,0,NA
"196","Iced Cappuccino with Whole Milk ","Large","Whole","946",160,8,4.5,0,25,130,13,0,12,8,293,0.23,0,0,NA
"197","Iced Cappuccino with Whole Milk ","Medium","Whole","709",120,6,3.5,0,20,100,10,0,9,6,219,0.17,0,0,NA
"198","Iced Cappuccino with Whole Milk ","Small","Whole","354",80,4,2.5,0,10,65,7,0,6,4,147,0.11,0,0,NA
"199","Iced Cappuccino with Whole Milk and Sugar ","Large","Whole","946",290,8,4.5,0,25,130,48,0,46,8,293,0.23,0,0,NA
"200","Iced Cappuccino with Whole Milk and Sugar ","Medium","Whole","709",220,6,3.5,0,20,100,36,0,35,6,219,0.17,0,0,NA
"201","Iced Cappuccino with Whole Milk and Sugar ","Small","Whole","354",150,4,2.5,0,10,65,24,0,23,4,147,0.11,0,0,NA
"202","Mocha Swirl Iced Cappuccino with Skim Milk ","Large","Nonfat","946",300,1,0.5,0,5,160,64,2,58,10,327,0.25,2,0.11,NA
"203","Mocha Swirl Iced Cappuccino with Skim Milk ","Medium","Nonfat","709",220,1,0.5,0,5,115,48,2,43,7,244,0.19,1,0.06,NA
"204","Mocha Swirl Iced Cappuccino with Skim Milk ","Small","Nonfat","354",150,0.5,0,0,0,80,32,1,29,5,164,0.13,1,0.06,NA
"205","Mocha Swirl Iced Cappuccino with Whole Milk ","Large","Whole","946",360,9,5,0,25,160,63,2,57,9,304,0.23,2,0.11,NA
"206","Mocha Swirl Iced Cappuccino with Whole Milk ","Medium","Whole","709",270,7,4,0,20,120,48,2,43,7,227,0.17,1,0.06,NA
"207","Mocha Swirl Iced Cappuccino with Whole Milk ","Small","Whole","354",180,4.5,2.5,0,10,80,32,1,29,5,152,0.12,1,0.06,NA
"208","Decaf Breakfast Black Tea ","Large",NA,"591",0,0,0,0,0,0,0,0,0,0,0,0,0,0,NA
"209","Decaf Breakfast Black Tea ","Medium",NA,"414",0,0,0,0,0,0,0,0,0,0,0,0,0,0,NA
"210","Decaf Breakfast Black Tea ","Small",NA,"295",0,0,0,0,0,0,0,0,0,0,0,0,0,0,NA
"211","Harmony Leaf Green Tea ","Large",NA,"591",0,0,0,0,0,0,0,0,0,0,0,0,0,0,NA
"212","Harmony Leaf Green Tea ","Medium",NA,"414",0,0,0,0,0,0,0,0,0,0,0,0,0,0,NA
"213","Harmony Leaf Green Tea ","Small",NA,"295",0,0,0,0,0,0,0,0,0,0,0,0,0,0,NA
"214","Hibiscus Kiss Herbal Infusion ","Large",NA,"591",0,0,0,0,0,0,0,0,0,0,0,0,0,0,NA
"215","Hibiscus Kiss Herbal Infusion ","Medium",NA,"414",0,0,0,0,0,0,0,0,0,0,0,0,0,0,NA
"216","Hibiscus Kiss Herbal Infusion ","Small",NA,"295",0,0,0,0,0,0,0,0,0,0,0,0,0,0,NA
"217","Iced Americano ","Large",NA,"946",10,0,0,0,0,40,2,0,0,0,25,0.02,0,0,NA
"218","Iced Americano ","Medium",NA,"709",10,0,0,0,0,30,2,0,0,0,18,0.01,0,0,NA
"219","Iced Americano ","Small",NA,"354",5,0,0,0,0,25,1,0,0,0,13,0.01,0,0,NA
"220","Caramel Swirl Iced Cappuccino with Skim Milk ","Large","Nonfat","946",310,0,0,0,10,200,65,0,63,11,419,0.32,0,0,NA
"221","Caramel Swirl Iced Cappuccino with Skim Milk ","Medium","Nonfat","709",230,0,0,0,5,150,49,0,47,8,314,0.24,0,0,NA
"222","Caramel Swirl Iced Cappuccino with Skim Milk ","Small","Nonfat","354",160,0,0,0,5,100,33,0,32,6,210,0.16,0,0,NA
"223","Caramel Swirl Iced Cappuccino with Whole Milk ","Large","Whole","946",380,8,4.5,0,30,200,65,0,63,11,396,0.3,0,0,NA
"224","Caramel Swirl Iced Cappuccino with Whole Milk ","Medium","Whole","709",280,6,3.5,0,20,150,48,0,47,8,296,0.23,0,0,NA
"225","Caramel Swirl Iced Cappuccino with Whole Milk ","Small","Whole","354",190,4,2.5,0,15,100,32,0,31,5,198,0.15,0,0,NA
"226","Caramel Swirl Hot Macchiato with Skim Milk ","Large","Nonfat","591",310,0,0,0,10,190,66,0,63,11,404,0.31,0,0,NA
"227","Caramel Swirl Hot Macchiato with Skim Milk ","Medium","Nonfat","414",240,0,0,0,5,140,49,0,47,8,303,0.23,0,0,NA
"228","Caramel Swirl Hot Macchiato with Skim Milk ","Small","Nonfat","295",160,0,0,0,5,95,33,0,32,6,203,0.16,0,0,NA
"229","Caramel Swirl Hot Macchiato with Whole Milk ","Large","Whole","591",380,8,4.5,0,30,190,65,0,63,11,381,0.29,0,0,NA
"230","Caramel Swirl Hot Macchiato with Whole Milk ","Medium","Whole","414",290,6,3.5,0,20,140,49,0,47,8,286,0.22,0,0,NA
"231","Caramel Swirl Hot Macchiato with Whole Milk ","Small","Whole","295",190,4,2.5,0,15,95,33,0,31,5,191,0.15,0,0,NA
"232","French Vanilla Swirl Hot Macchiato with Skim Milk ","Large","Nonfat","591",310,0,0,0,10,180,65,0,61,11,385,0.3,0,0,NA
"233","French Vanilla Swirl Hot Macchiato with Skim Milk ","Medium","Nonfat","414",230,0,0,0,5,135,49,0,46,8,289,0.22,0,0,NA
"234","French Vanilla Swirl Hot Macchiato with Skim Milk ","Small","Nonfat","295",160,0,0,0,5,90,33,0,30,5,193,0.15,0,0,NA
"235","French Vanilla Swirl Hot Macchiato with Whole Milk ","Large","Whole","591",380,8,4.5,0,30,180,65,0,60,10,362,0.28,0,0,NA
"236","French Vanilla Swirl Hot Macchiato with Whole Milk ","Medium","Whole","414",280,6,3.5,0,20,135,49,0,45,8,272,0.21,0,0,NA
"237","French Vanilla Swirl Hot Macchiato with Whole Milk ","Small","Whole","295",190,4,2.5,0,15,95,33,0,30,5,181,0.14,0,0,NA
"238","Hazelnut Swirl Hot Macchiato with Skim Milk ","Large","Nonfat","591",310,0,0,0,10,180,65,0,61,11,385,0.3,0,0,NA
"239","Hazelnut Swirl Hot Macchiato with Skim Milk ","Medium","Nonfat","414",230,0,0,0,5,135,49,0,46,8,289,0.22,0,0,NA
"240","Hazelnut Swirl Hot Macchiato with Skim Milk ","Small","Nonfat","295",160,0,0,0,5,90,33,0,30,5,193,0.15,0,0,NA
"241","Hazelnut Swirl Hot Macchiato with Whole Milk ","Large","Whole","591",380,8,4.5,0,30,180,65,0,60,10,362,0.28,0,0,NA
"242","Hazelnut Swirl Hot Macchiato with Whole Milk ","Medium","Whole","414",280,6,3.5,0,20,135,49,0,45,8,272,0.21,0,0,NA
"243","Hazelnut Swirl Hot Macchiato with Whole Milk ","Small","Whole","295",190,4,2.5,0,15,95,33,0,30,5,181,0.14,0,0,NA
"244","Hot Macchiato with Skim Milk ","Large","Nonfat","591",90,0,0,0,5,120,14,0,12,8,301,0.23,0,0,NA
"245","Hot Macchiato with Skim Milk ","Medium","Nonfat","414",70,0,0,0,5,90,11,0,9,6,226,0.17,0,0,NA
"246","Hot Macchiato with Skim Milk ","Small","Nonfat","295",50,0,0,0,0,65,7,0,6,4,151,0.12,0,0,NA
"247","Hot Macchiato with Skim Milk and Sugar ","Large","Nonfat","591",230,0,0,0,5,120,49,0,47,8,301,0.23,0,0,NA
"248","Hot Macchiato with Skim Milk and Sugar ","Medium","Nonfat","414",170,0,0,0,5,90,37,0,35,6,226,0.17,0,0,NA
"249","Hot Macchiato with Skim Milk and Sugar ","Small","Nonfat","295",120,0,0,0,0,65,25,0,23,4,151,0.12,0,0,NA
"250","Hot Macchiato with Whole Milk ","Large","Whole","591",160,8,4.5,0,25,120,14,0,12,8,278,0.21,0,0,NA
"251","Hot Macchiato with Whole Milk ","Medium","Whole","414",120,6,3.5,0,20,90,10,0,9,6,209,0.16,0,0,NA
"252","Hot Macchiato with Whole Milk ","Small","Whole","295",80,4,2.5,0,10,65,7,0,6,4,139,0.11,0,0,NA
"253","Hot Macchiato with Whole Milk and Sugar ","Large","Whole","591",290,8,4.5,0,25,120,49,0,46,8,278,0.21,0,0,NA
"254","Hot Macchiato with Whole Milk and Sugar ","Medium","Whole","414",220,6,3.5,0,20,90,37,0,35,6,209,0.16,0,0,NA
"255","Hot Macchiato with Whole Milk and Sugar ","Small","Whole","295",150,4,2.5,0,10,65,25,0,23,4,140,0.11,0,0,NA
"256","Mocha Swirl Hot Macchiato with Skim Milk ","Large","Nonfat","591",300,1,0.5,0,5,150,65,2,58,10,312,0.24,2,0.11,NA
"257","Mocha Swirl Hot Macchiato with Skim Milk ","Medium","Nonfat","414",230,1,0.5,0,5,110,49,2,43,7,234,0.18,2,0.11,NA
"258","Mocha Swirl Hot Macchiato with Skim Milk ","Small","Nonfat","295",150,0.5,0,0,0,75,33,1,29,5,156,0.12,1,0.06,NA
"259","Mocha Swirl Hot Macchiato with Whole Milk ","Large","Whole","591",370,9,5,0,25,150,64,2,57,9,289,0.22,2,0.11,NA
"260","Mocha Swirl Hot Macchiato with Whole Milk ","Medium","Whole","414",280,7,4,0,20,115,48,2,43,7,217,0.17,2,0.11,NA
"261","Mocha Swirl Hot Macchiato with Whole Milk ","Small","Whole","295",180,4.5,2.5,0,10,80,32,1,29,5,145,0.11,1,0.06,NA
"262","Vanilla Spice ","XLarge",NA,"Value",490,17,14,0,5,95,85,1,71,2,48,0.04,0,0,NA
"263","Vanilla Spice ","Large",NA,"591",420,14,12,0,5,80,72,1,60,2,41,0.03,0,0,NA
"264","Vanilla Spice ","Medium",NA,"414",310,11,9,0,5,60,54,0,46,2,31,0.02,0,0,NA
"265","Vanilla Spice ","Small",NA,"295",220,8,6,0,5,45,38,0,32,1,22,0.02,0,0,NA
"266","Bold Breakfast Black Tea ","Large",NA,"591",0,0,0,0,0,0,0,0,0,0,0,0,0,0,NA
"267","Bold Breakfast Black Tea ","Medium",NA,"414",0,0,0,0,0,0,0,0,0,0,0,0,0,0,NA
"268","Bold Breakfast Black Tea ","Small",NA,"295",0,0,0,0,0,0,0,0,0,0,0,0,0,0,NA
"269","Chamomile Fields Herbal Infusion ","Large",NA,"591",0,0,0,0,0,0,0,0,0,0,0,0,0,0,NA
"270","Chamomile Fields Herbal Infusion ","Medium",NA,"414",0,0,0,0,0,0,0,0,0,0,0,0,0,0,NA
"271","Chamomile Fields Herbal Infusion ","Small",NA,"295",0,0,0,0,0,0,0,0,0,0,0,0,0,0,NA
"272","Cool Mint Herbal Infusion ","Large",NA,"591",0,0,0,0,0,0,0,0,0,0,0,0,0,0,NA
"273","Cool Mint Herbal Infusion ","Medium",NA,"414",0,0,0,0,0,0,0,0,0,0,0,0,0,0,NA
"274","Cool Mint Herbal Infusion ","Small",NA,"295",0,0,0,0,0,0,0,0,0,0,0,0,0,0,NA
"275","Caramel Swirl Hot Latte with Skim Milk ","Large","Nonfat","591",350,0,0,0,10,230,71,0,69,15,553,0.43,0,0,NA
"276","Caramel Swirl Hot Latte with Skim Milk ","Medium","Nonfat","414",260,0,0,0,10,170,53,0,52,11,415,0.32,0,0,NA
"277","Caramel Swirl Hot Latte with Skim Milk ","Small","Nonfat","295",180,0,0,0,5,115,36,0,35,8,276,0.21,0,0,NA
"278","Caramel Swirl Hot Latte with Whole Milk ","Large","Whole","591",450,12,7,0,40,240,70,0,69,14,518,0.4,0,0,NA
"279","Caramel Swirl Hot Latte with Whole Milk ","Medium","Whole","414",340,9,5,0,30,180,53,0,52,11,389,0.3,0,0,NA
"280","Caramel Swirl Hot Latte with Whole Milk ","Small","Whole","295",230,6,3.5,0,20,120,35,0,34,7,259,0.2,0,0,NA
"281","French Vanilla Swirl Hot Latte with Skim Milk ","Large","Nonfat","591",350,0,0,0,10,220,71,0,67,15,534,0.41,0,0,NA
"282","French Vanilla Swirl Hot Latte with Skim Milk ","Medium","Nonfat","414",260,0,0,0,10,170,53,0,50,11,400,0.31,0,0,NA
"283","French Vanilla Swirl Hot Latte with Skim Milk ","Small","Nonfat","295",170,0,0,0,5,110,35,0,33,7,267,0.21,0,0,NA
"284","French Vanilla Swirl Hot Latte with Whole Milk ","Large","Whole","591",450,12,7,0,40,230,70,0,66,14,499,0.38,0,0,NA
"285","French Vanilla Swirl Hot Latte with Whole Milk ","Medium","Whole","414",330,9,5,0,30,170,52,0,50,11,374,0.29,0,0,NA
"286","French Vanilla Swirl Hot Latte with Whole Milk ","Small","Whole","295",220,6,3.5,0,20,115,35,0,33,7,250,0.19,0,0,NA
"287","Hazelnut Swirl Hot Latte with Skim Milk ","Large","Nonfat","591",350,0,0,0,10,220,71,0,67,15,534,0.41,0,0,NA
"288","Hazelnut Swirl Hot Latte with Skim Milk ","Medium","Nonfat","414",260,0,0,0,10,170,53,0,50,11,400,0.31,0,0,NA
"289","Hazelnut Swirl Hot Latte with Skim Milk ","Small","Nonfat","295",170,0,0,0,5,110,35,0,33,7,267,0.21,0,0,NA
"290","Hazelnut Swirl Hot Latte with Whole Milk ","Large","Whole","591",450,12,7,0,40,230,70,0,66,14,499,0.38,0,0,NA
"291","Hazelnut Swirl Hot Latte with Whole Milk ","Medium","Whole","414",340,9,5,0,30,170,53,0,50,11,374,0.29,0,0,NA
"292","Hazelnut Swirl Hot Latte with Whole Milk ","Small","Whole","295",220,6,3.5,0,20,115,35,0,33,7,250,0.19,0,0,NA
"293","Hot Latte with AlmondMilk ","Large","Almond","591",130,3.5,0,0,0,240,23,1,20,2,699,0.54,1,0.06,NA
"294","Hot Latte with AlmondMilk ","Medium","Almond","414",100,3,0,0,0,180,17,1,15,1,525,0.4,1,0.06,NA
"295","Hot Latte with AlmondMilk ","Small","Almond","295",70,2,0,0,0,120,11,0,10,1,350,0.27,1,0.06,NA
"296","Hot Latte with Skim Milk ","Large","Nonfat","591",130,0,0,0,5,170,20,0,18,12,450,0.35,0,0,NA
"297","Hot Latte with Skim Milk ","Medium","Nonfat","414",100,0,0,0,5,125,15,0,14,9,337,0.26,0,0,NA
"298","Hot Latte with Skim Milk ","Small","Nonfat","295",70,0,0,0,5,85,10,0,9,6,225,0.17,0,0,NA
"299","Hot Latte with Skim Milk and Sugar ","Large","Nonfat","591",270,0,0,0,5,170,54,0,53,12,450,0.35,0,0,NA
"300","Hot Latte with Skim Milk and Sugar ","Medium","Nonfat","414",200,0,0,0,5,125,41,0,40,9,337,0.26,0,0,NA
"301","Hot Latte with Skim Milk and Sugar ","Small","Nonfat","295",130,0,0,0,5,85,27,0,26,6,225,0.17,0,0,NA
"302","Hot Latte with Whole Milk ","Large","Whole","591",230,12,7,0,35,170,19,0,18,12,415,0.32,0,0,NA
"303","Hot Latte with Whole Milk ","Medium","Whole","414",170,9,5,0,25,125,14,0,13,9,311,0.24,0,0,NA
"304","Hot Latte with Whole Milk ","Small","Whole","295",120,6,3.5,0,20,85,9,0,9,6,208,0.16,0,0,NA
"305","Hot Latte with Whole Milk and Sugar ","Large","Whole","591",370,12,7,0,35,170,54,0,52,12,416,0.32,0,0,NA
"306","Hot Latte with Whole Milk and Sugar ","Medium","Whole","414",270,9,5,0,25,125,40,0,39,9,312,0.24,0,0,NA
"307","Hot Latte with Whole Milk and Sugar ","Small","Whole","295",180,6,3.5,0,20,85,27,0,26,6,208,0.16,0,0,NA
"308","Mocha Swirl Hot Latte with Skim Milk ","Large","Nonfat","591",340,1,0.5,0,5,200,70,2,64,14,460,0.35,2,0.11,NA
"309","Mocha Swirl Hot Latte with Skim Milk ","Medium","Nonfat","414",250,1,0.5,0,5,150,52,2,48,10,345,0.27,1,0.06,NA
"310","Mocha Swirl Hot Latte with Skim Milk ","Small","Nonfat","295",170,0.5,0,0,5,100,35,1,32,7,230,0.18,1,0.06,NA
"311","Mocha Swirl Hot Latte with Whole Milk ","Large","Whole","591",440,13,7,0,35,200,69,2,63,13,426,0.33,2,0.11,NA
"312","Mocha Swirl Hot Latte with Whole Milk ","Medium","Whole","414",330,10,6,0,25,150,52,2,47,10,319,0.25,1,0.06,NA
"313","Mocha Swirl Hot Latte with Whole Milk ","Small","Whole","295",220,6,3.5,0,20,100,35,1,32,7,213,0.16,1,0.06,NA
"314","Signature Caramel Craze Hot Latte with Skim Milk ","Large","Nonfat","591",440,6,3.5,0,30,240,80,0,75,16,576,0.44,0,0,NA
"315","Signature Caramel Craze Hot Latte with Skim Milk ","Medium","Nonfat","414",340,5,3,0,25,180,61,0,57,12,436,0.34,0,0,NA
"316","Signature Caramel Craze Hot Latte with Skim Milk ","Small","Nonfat","295",250,5,3,0,20,125,43,0,40,8,298,0.23,0,0,NA
"317","Signature Caramel Craze Hot Latte with Whole Milk ","Large","Whole","591",530,17,10,0.5,60,250,79,0,74,15,542,0.42,0,0,NA
"318","Signature Caramel Craze Hot Latte with Whole Milk ","Medium","Whole","414",410,14,8,0,45,190,61,0,57,11,410,0.32,0,0,NA
"319","Signature Caramel Craze Hot Latte with Whole Milk ","Small","Whole","295",300,11,6,0,35,130,43,0,39,8,281,0.22,0,0,NA
"320","Signature Cocoa Mocha Hot Latte with Skim Milk ","Large","Nonfat","591",420,6,4,0,25,210,79,2,69,15,480,0.37,2,0.11,NA
"321","Signature Cocoa Mocha Hot Latte with Skim Milk ","Medium","Nonfat","414",330,6,3.5,0,20,160,61,2,53,11,363,0.28,2,0.11,NA
"322","Signature Cocoa Mocha Hot Latte with Skim Milk ","Small","Nonfat","295",250,5,3.5,0,20,110,43,1,37,8,248,0.19,1,0.06,NA
"323","Signature Cocoa Mocha Hot Latte with Whole Milk ","Large","Whole","591",520,18,11,0.5,55,210,78,2,68,14,445,0.34,2,0.11,NA
"324","Signature Cocoa Mocha Hot Latte with Whole Milk ","Medium","Whole","414",400,14,9,0,45,160,60,2,52,10,337,0.26,2,0.11,NA
"325","Signature Cocoa Mocha Hot Latte with Whole Milk ","Small","Whole","295",300,11,7,0,35,110,43,1,36,7,230,0.18,1,0.06,NA
"326","Cafe con Leche ","Large",NA,"591",340,12,7,0,35,170,47,0,46,12,415,0.32,0,0,NA
"327","Cafe con Leche ","Medium",NA,"414",250,9,5,0,25,125,35,0,34,9,312,0.24,0,0,NA
"328","Cafe con Leche ","Small",NA,"295",170,6,3.5,0,20,85,23,0,23,6,208,0.16,0,0,NA
"329","Cortadito","1 Size",NA,"Value",80,1,0.5,0,5,20,16,0,16,1,35,0.03,0,0,NA
"330","Espresso with Sugar","Single Shot",NA,"Value",60,0,0,0,0,5,15,0,14,0,1,0,0,0,NA
"331","Hot Espresso","Single Shot",NA,"Value",5,0,0,0,0,5,1,0,0,0,1,0,0,0,NA
"332","Box 'O Joe","1 Small Cup",NA,"Value",5,0,0,0,0,5,0,0,0,0,6,0,0,0,NA
"333","Cafe Au Lait with Skim Milk ","Large","Nonfat","591",90,0,0,0,5,110,12,0,12,9,305,0.23,0,0,NA
"334","Cafe Au Lait with Skim Milk ","Medium","Nonfat","414",70,0,0,0,5,80,9,0,9,7,229,0.18,0,0,NA
"335","Cafe Au Lait with Skim Milk ","Small","Nonfat","295",45,0,0,0,0,55,6,0,6,4,152,0.12,0,0,NA
"336","Cafe Au Lait with Whole Milk ","Large","Whole","591",150,8,4.5,0,25,110,12,0,12,8,282,0.22,0,0,NA
"337","Cafe Au Lait with Whole Milk ","Medium","Whole","414",110,6,3.5,0,20,85,9,0,9,6,212,0.16,0,0,NA
"338","Cafe Au Lait with Whole Milk ","Small","Whole","295",80,4,2.5,0,10,55,6,0,6,4,141,0.11,0,0,NA
"339","Caramel Swirl Hot Coffee with Black ","XLarge",NA,"Value",280,0,0,0,5,95,64,0,64,4,140,0.11,0,0,NA
"340","Caramel Swirl Hot Coffee with Black ","Large",NA,"591",230,0,0,0,5,75,52,0,51,3,113,0.09,0,0,NA
"341","Caramel Swirl Hot Coffee with Black ","Medium",NA,"414",170,0,0,0,5,60,39,0,38,3,85,0.07,0,0,NA
"342","Caramel Swirl Hot Coffee with Black ","Small",NA,"295",110,0,0,0,0,40,26,0,26,2,57,0.04,0,0,NA
"343","Caramel Swirl Hot Coffee with Cream ","XLarge","Cream","Value",420,15,8,0,50,150,67,0,66,6,208,0.16,0,0,NA
"344","Caramel Swirl Hot Coffee with Cream ","Large","Cream","591",340,12,6,0,40,120,53,0,53,5,167,0.13,0,0,NA
"345","Caramel Swirl Hot Coffee with Cream ","Medium","Cream","414",260,9,4.5,0,30,90,40,0,40,4,126,0.1,0,0,NA
"346","Caramel Swirl Hot Coffee with Cream ","Small","Cream","295",170,6,3,0,20,60,27,0,26,3,84,0.06,0,0,NA
"347","French Vanilla Swirl Hot Coffee ","XLarge",NA,"Value",280,0,0,0,5,85,64,0,61,4,116,0.09,0,0,NA
"348","French Vanilla Swirl Hot Coffee ","Large",NA,"591",220,0,0,0,5,70,51,0,49,3,93,0.07,0,0,NA
"349","French Vanilla Swirl Hot Coffee ","Medium",NA,"414",170,0,0,0,5,50,38,0,37,2,71,0.05,0,0,NA
"350","French Vanilla Swirl Hot Coffee ","Small",NA,"295",110,0,0,0,0,35,26,0,24,2,48,0.04,0,0,NA
"351","French Vanilla Swirl Hot Coffee with Cream ","XLarge","Cream","Value",420,15,8,0,50,135,66,0,63,6,184,0.14,0,0,NA
"352","French Vanilla Swirl Hot Coffee with Cream ","Large","Cream","591",340,12,6,0,40,110,53,0,50,5,147,0.11,0,0,NA
"353","French Vanilla Swirl Hot Coffee with Cream ","Medium","Cream","414",250,9,4.5,0,30,85,40,0,38,4,111,0.09,0,0,NA
"354","French Vanilla Swirl Hot Coffee with Cream ","Small","Cream","295",170,6,3,0,20,55,26,0,25,2,75,0.06,0,0,NA
"355","Hazelnut Swirl Hot Coffee ","XLarge",NA,"Value",280,0,0,0,5,85,64,0,61,4,116,0.09,0,0,NA
"356","Hazelnut Swirl Hot Coffee ","Large",NA,"591",220,0,0,0,5,70,51,0,49,3,93,0.07,0,0,NA
"357","Hazelnut Swirl Hot Coffee ","Medium",NA,"414",170,0,0,0,5,50,38,0,37,2,71,0.05,0,0,NA
"358","Hazelnut Swirl Hot Coffee ","Small",NA,"295",110,0,0,0,0,35,26,0,24,2,48,0.04,0,0,NA
"359","Hazelnut Swirl Hot Coffee with Cream ","XLarge","Cream","Value",420,15,8,0,50,135,66,0,63,6,184,0.14,0,0,NA
"360","Hazelnut Swirl Hot Coffee with Cream ","Large","Cream","591",340,12,6,0,40,110,53,0,50,5,147,0.11,0,0,NA
"361","Hazelnut Swirl Hot Coffee with Cream ","Medium","Cream","414",250,9,4.5,0,30,85,40,0,38,4,111,0.09,0,0,NA
"362","Hazelnut Swirl Hot Coffee with Cream ","Small","Cream","295",170,6,3,0,20,55,27,0,25,2,75,0.06,0,0,NA
"363","Hot Coffee ","XLarge",NA,"Value",5,0,0,0,0,15,0,0,0,1,13,0.01,0,0,NA
"364","Hot Coffee ","Large",NA,"591",5,0,0,0,0,10,0,0,0,1,11,0.01,0,0,NA
"365","Hot Coffee ","Medium",NA,"414",5,0,0,0,0,10,0,0,0,1,8,0.01,0,0,NA
"366","Hot Coffee ","Small",NA,"295",5,0,0,0,0,5,0,0,0,0,6,0,0,0,NA
"367","Hot Coffee with AlmondMilk ","XLarge","Almond","Value",45,1.5,0,0,0,85,7,0,7,1,243,0.19,0,0,NA
"368","Hot Coffee with AlmondMilk ","Large","Almond","591",35,1,0,0,0,65,5,0,5,1,183,0.14,0,0,NA
"369","Hot Coffee with AlmondMilk ","Medium","Almond","414",25,0.5,0,0,0,45,4,0,3,1,123,0.09,0,0,NA
"370","Hot Coffee with AlmondMilk ","Small","Almond","295",15,0,0,0,0,25,2,0,2,0,63,0.05,0,0,NA
"371","Hot Coffee with Cream ","XLarge","Cream","Value",150,15,8,0,45,65,2,0,2,3,80,0.06,0,0,NA
"372","Hot Coffee with Cream ","Large","Cream","591",120,12,6,0,35,55,2,0,2,2,64,0.05,0,0,NA
"373","Hot Coffee with Cream ","Medium","Cream","414",90,9,4.5,0,25,40,1,0,1,2,49,0.04,0,0,NA
"374","Hot Coffee with Cream ","Small","Cream","295",60,6,3,0,20,30,1,0,1,1,33,0.03,0,0,NA
"375","Hot Coffee with Cream and Sugar ","XLarge","Cream","Value",320,15,8,0,45,65,46,0,46,3,80,0.06,0,0,NA
"376","Hot Coffee with Cream and Sugar ","Large","Cream","591",260,12,6,0,35,55,37,0,36,2,65,0.05,0,0,NA
"377","Hot Coffee with Cream and Sugar ","Medium","Cream","414",190,9,4.5,0,25,40,27,0,27,2,49,0.04,0,0,NA
"378","Hot Coffee with Cream and Sugar ","Small","Cream","295",130,6,3,0,20,30,18,0,18,1,34,0.03,0,0,NA
"379","Hot Coffee with Skim Milk ","XLarge","Nonfat","Value",30,0,0,0,0,45,4,0,4,3,105,0.08,0,0,NA
"380","Hot Coffee with Skim Milk ","Large","Nonfat","591",25,0,0,0,0,35,3,0,3,3,84,0.06,0,0,NA
"381","Hot Coffee with Skim Milk ","Medium","Nonfat","414",20,0,0,0,0,25,2,0,2,2,64,0.05,0,0,NA
"382","Hot Coffee with Skim Milk ","Small","Nonfat","295",15,0,0,0,0,20,2,0,2,1,43,0.03,0,0,NA
"383","Hot Coffee with Skim Milk and Sugar ","XLarge","Nonfat","Value",200,0,0,0,0,45,47,0,47,3,105,0.08,0,0,NA
"384","Hot Coffee with Skim Milk and Sugar ","Large","Nonfat","591",160,0,0,0,0,35,38,0,38,3,85,0.07,0,0,NA
"385","Hot Coffee with Skim Milk and Sugar ","Medium","Nonfat","414",120,0,0,0,0,25,28,0,28,2,64,0.05,0,0,NA
"386","Hot Coffee with Skim Milk and Sugar ","Small","Nonfat","295",80,0,0,0,0,20,19,0,19,1,43,0.03,0,0,NA
"387","Hot Coffee with Sugar ","XLarge",NA,"Value",170,0,0,0,0,15,44,0,43,1,13,0.01,0,0,NA
"388","Hot Coffee with Sugar ","Large",NA,"591",140,0,0,0,0,10,35,0,35,1,11,0.01,0,0,NA
"389","Hot Coffee with Sugar ","Medium",NA,"414",110,0,0,0,0,10,26,0,26,1,9,0.01,0,0,NA
"390","Hot Coffee with Sugar ","Small",NA,"295",70,0,0,0,0,5,17,0,17,0,7,0.01,0,0,NA
"391","Hot Coffee with Whole Milk ","XLarge","Whole","Value",50,2.5,1.5,0,10,45,4,0,4,3,98,0.08,0,0,NA
"392","Hot Coffee with Whole Milk ","Large","Whole","591",40,2,1,0,5,35,3,0,3,2,78,0.06,0,0,NA
"393","Hot Coffee with Whole Milk ","Medium","Whole","414",30,1.5,1,0,5,25,2,0,2,2,59,0.05,0,0,NA
"394","Hot Coffee with Whole Milk ","Small","Whole","295",20,1,0.5,0,5,20,1,0,1,1,40,0.03,0,0,NA
"395","Hot Coffee with Whole Milk and Sugar ","XLarge","Whole","Value",220,2.5,1.5,0,10,45,47,0,47,3,98,0.08,0,0,NA
"396","Hot Coffee with Whole Milk and Sugar ","Large","Whole","591",190,2,1,0,5,35,42,0,42,2,79,0.06,0,0,NA
"397","Hot Coffee with Whole Milk and Sugar ","Medium","Whole","414",130,1.5,1,0,5,30,28,0,28,2,60,0.05,0,0,NA
"398","Hot Coffee with Whole Milk and Sugar ","Small","Whole","295",90,1,0.5,0,5,20,19,0,19,1,40,0.03,0,0,NA
"399","Mocha Swirl Hot Coffee ","XLarge",NA,"Value",260,1,0.5,0,0,45,63,3,57,3,25,0.02,2,0.11,NA
"400","Mocha Swirl Hot Coffee ","Large",NA,"591",210,1,0,0,0,40,50,2,46,2,20,0.02,2,0.11,NA
"401","Mocha Swirl Hot Coffee ","Medium",NA,"414",160,0.5,0,0,0,30,38,2,34,2,16,0.01,1,0.06,NA
"402","Mocha Swirl Hot Coffee ","Small",NA,"295",110,0,0,0,0,20,25,1,23,1,11,0.01,1,0.06,NA
"403","Mocha Swirl Hot Coffee with Cream ","XLarge","Cream","Value",410,15,8,0,45,100,65,3,59,5,92,0.07,2,0.11,NA
"404","Mocha Swirl Hot Coffee with Cream ","Large","Cream","591",330,12,7,0,35,80,52,2,47,4,74,0.06,2,0.11,NA
"405","Mocha Swirl Hot Coffee with Cream ","Medium","Cream","414",240,9,5,0,25,60,39,2,35,3,56,0.04,1,0.06,NA
"406","Mocha Swirl Hot Coffee with Cream ","Small","Cream","295",160,6,3.5,0,20,40,26,1,24,2,38,0.03,1,0.06,NA
"407","Box 'O Joe(R) Hot Chocolate","1 Small Cup",NA,"Value",220,7,6,0,0,210,40,2,32,2,34,0.03,0,0,NA
"408","Dunkaccino ","XLarge",NA,"Value",540,23,19,0,10,510,80,1,58,4,102,0.08,1,0.06,NA
"409","Dunkaccino ","Large",NA,"591",490,21,17,0,10,470,73,1,53,4,94,0.07,1,0.06,NA
"410","Dunkaccino ","Medium",NA,"414",350,15,12,0,5,340,52,1,38,3,67,0.05,0,0,NA
"411","Dunkaccino ","Small",NA,"295",240,10,8,0,5,230,36,0,26,2,46,0.04,0,0,NA
"412","French Vanilla Dunkaccino(R) ","XLarge",NA,"Value",570,26,21,0,10,570,86,1,62,4,80,0.06,1,0.06,NA
"413","French Vanilla Dunkaccino(R) ","Large",NA,"591",470,21,17,0,10,460,70,1,50,3,65,0.05,1,0.06,NA
"414","French Vanilla Dunkaccino(R) ","Medium",NA,"414",350,16,13,0,5,350,53,1,38,2,49,0.04,0,0,NA
"415","French Vanilla Dunkaccino(R) ","Small",NA,"295",230,10,8,0,5,230,35,0,25,2,33,0.03,0,0,NA
"416","Hot Chocolate with Espresso Shot ","Large",NA,"591",400,12,11,0,0,390,71,3,55,3,61,0.05,1,0.06,NA
"417","Hot Chocolate with Espresso Shot ","Medium",NA,"414",280,9,8,0,0,280,51,2,39,2,43,0.03,0,0,NA
"418","Hot Chocolate with Espresso Shot ","Small",NA,"295",190,6,5,0,0,190,35,1,27,2,30,0.02,0,0,NA
"419","Mint Hot Chocolate ","XLarge",NA,"Value",490,16,14,0,0,430,87,3,70,3,39,0.03,1,0.06,NA
"420","Mint Hot Chocolate ","Large",NA,"591",400,13,12,0,0,350,72,3,57,3,32,0.02,0,0,NA
"421","Mint Hot Chocolate ","Medium",NA,"414",300,10,9,0,0,260,52,2,42,2,23,0.02,0,0,NA
"422","Mint Hot Chocolate ","Small",NA,"295",210,7,6,0,0,180,36,1,29,1,16,0.01,0,0,NA
"423","OREO Hot Chocolate ","XLarge",NA,"Value",580,13,10,0,0,630,110,4,88,7,172,0.13,5,0.28,NA
"424","OREO Hot Chocolate ","Large",NA,"591",460,10,8,0,0,500,88,3,70,6,138,0.11,4,0.22,NA
"425","OREO Hot Chocolate ","Medium",NA,"414",350,8,6,0,0,380,66,2,53,4,103,0.08,3,0.17,NA
"426","OREO Hot Chocolate ","Small",NA,"295",230,5,4,0,0,250,44,1,35,3,69,0.05,2,0.11,NA
"427","Original Hot Chocolate ","XLarge",NA,"Value",500,15,14,0,0,480,89,3,71,4,76,0.06,1,0.06,NA
"428","Original Hot Chocolate ","Large",NA,"591",460,14,13,0,0,440,82,3,65,4,70,0.05,1,0.06,NA
"429","Original Hot Chocolate ","Medium",NA,"414",330,10,9,0,0,320,59,2,46,3,50,0.04,0,0,NA
"430","Original Hot Chocolate ","Small",NA,"295",220,7,6,0,0,210,40,2,32,2,34,0.03,0,0,NA
"431","Cappuccino with Skim Milk ","Large","Nonfat","591",90,0,0,0,5,115,13,0,12,8,300,0.23,0,0,NA
"432","Cappuccino with Skim Milk ","Medium","Nonfat","414",70,0,0,0,5,85,10,0,9,6,225,0.17,0,0,NA
"433","Cappuccino with Skim Milk ","Small","Nonfat","295",45,0,0,0,0,55,7,0,6,4,150,0.12,0,0,NA
"434","Cappuccino with Skim Milk and Sugar ","Large","Nonfat","591",230,0,0,0,5,115,48,0,47,8,301,0.23,0,0,NA
"435","Cappuccino with Skim Milk and Sugar ","Medium","Nonfat","414",170,0,0,0,5,85,36,0,35,6,225,0.17,0,0,NA
"436","Cappuccino with Skim Milk and Sugar ","Small","Nonfat","295",110,0,0,0,0,55,24,0,23,4,150,0.12,0,0,NA
"437","Cappuccino with Whole Milk ","Large","Whole","591",160,8,4.5,0,25,115,13,0,12,8,277,0.21,0,0,NA
"438","Cappuccino with Whole Milk ","Medium","Whole","414",120,6,3.5,0,20,85,10,0,9,6,208,0.16,0,0,NA
"439","Cappuccino with Whole Milk ","Small","Whole","295",80,4,2.5,0,10,60,7,0,6,4,139,0.11,0,0,NA
"440","Cappuccino with Whole Milk and Sugar ","Large","Whole","591",290,8,4.5,0,25,115,48,0,46,8,278,0.21,0,0,NA
"441","Cappuccino with Whole Milk and Sugar ","Medium","Whole","414",220,6,3.5,0,20,85,36,0,35,6,208,0.16,0,0,NA
"442","Cappuccino with Whole Milk and Sugar ","Small","Whole","295",150,4,2.5,0,10,60,24,0,23,4,139,0.11,0,0,NA
"443","Caramel Swirl Hot Cappuccino with Skim Milk ","Large","Nonfat","591",310,0,0,0,10,180,65,0,63,11,404,0.31,0,0,NA
"444","Caramel Swirl Hot Cappuccino with Skim Milk ","Medium","Nonfat","414",230,0,0,0,5,135,49,0,47,8,303,0.23,0,0,NA
"445","Caramel Swirl Hot Cappuccino with Skim Milk ","Small","Nonfat","295",160,0,0,0,5,90,33,0,32,6,202,0.16,0,0,NA
"446","Caramel Swirl Hot Cappuccino with Whole Milk ","Large","Whole","591",380,8,4.5,0,30,180,65,0,63,11,381,0.29,0,0,NA
"447","Caramel Swirl Hot Cappuccino with Whole Milk ","Medium","Whole","414",280,6,3.5,0,20,135,48,0,47,8,285,0.22,0,0,NA
"448","Caramel Swirl Hot Cappuccino with Whole Milk ","Small","Whole","295",190,4,2.5,0,15,90,32,0,31,5,190,0.15,0,0,NA
"449","French Vanilla Swirl Hot Cappuccino with Skim Milk ","Large","Nonfat","591",310,0,0,0,10,170,65,0,61,11,384,0.3,0,0,NA
"450","French Vanilla Swirl Hot Cappuccino with Skim Milk ","Medium","Nonfat","414",230,0,0,0,5,130,48,0,46,8,288,0.22,0,0,NA
"451","French Vanilla Swirl Hot Cappuccino with Skim Milk ","Small","Nonfat","295",150,0,0,0,5,85,32,0,30,5,192,0.15,0,0,NA
"452","French Vanilla Swirl Hot Cappuccino with Whole Milk ","Large","Whole","591",370,8,4.5,0,30,170,64,0,60,10,361,0.28,0,0,NA
"453","French Vanilla Swirl Hot Cappuccino with Whole Milk ","Medium","Whole","414",280,6,3.5,0,20,130,48,0,45,8,271,0.21,0,0,NA
"454","French Vanilla Swirl Hot Cappuccino with Whole Milk ","Small","Whole","295",190,4,2.5,0,15,85,32,0,30,5,181,0.14,0,0,NA
"455","Hazelnut Swirl Hot Cappuccino with Skim Milk ","Large","Nonfat","591",310,0,0,0,10,170,65,0,61,11,384,0.3,0,0,NA
"456","Hazelnut Swirl Hot Cappuccino with Skim Milk ","Medium","Nonfat","414",230,0,0,0,5,130,49,0,46,8,288,0.22,0,0,NA
"457","Hazelnut Swirl Hot Cappuccino with Skim Milk ","Small","Nonfat","295",150,0,0,0,5,85,32,0,30,5,192,0.15,0,0,NA
"458","Hazelnut Swirl Hot Cappuccino with Whole Milk ","Large","Whole","591",370,8,4.5,0,30,170,64,0,60,10,361,0.28,0,0,NA
"459","Hazelnut Swirl Hot Cappuccino with Whole Milk ","Medium","Whole","414",280,6,3.5,0,20,130,48,0,45,8,271,0.21,0,0,NA
"460","Hazelnut Swirl Hot Cappuccino with Whole Milk ","Small","Whole","295",190,4,2.5,0,15,85,32,0,30,5,181,0.14,0,0,NA
"461","Mocha Swirl Hot Cappuccino with Skim Milk ","Large","Nonfat","591",300,1,0.5,0,5,140,64,2,58,10,311,0.24,2,0.11,NA
"462","Mocha Swirl Hot Cappuccino with Skim Milk ","Medium","Nonfat","414",220,1,0.5,0,5,105,48,2,43,7,233,0.18,1,0.06,NA
"463","Mocha Swirl Hot Cappuccino with Skim Milk ","Small","Nonfat","295",150,0.5,0,0,0,70,32,1,29,5,156,0.12,1,0.06,NA
"464","Mocha Swirl Hot Cappuccino with Whole Milk ","Large","Whole","591",360,9,5,0,25,140,63,2,57,9,288,0.22,2,0.11,NA
"465","Mocha Swirl Hot Cappuccino with Whole Milk ","Medium","Whole","414",270,7,4,0,20,110,48,2,43,7,216,0.17,1,0.06,NA
"466","Mocha Swirl Hot Cappuccino with Whole Milk ","Small","Whole","295",180,4.5,2.5,0,10,70,32,1,29,5,144,0.11,1,0.06,NA
"467","Americano ","Large",NA,"591",10,0,0,0,0,30,2,0,0,0,15,0.01,0,0,NA
"468","Americano ","Medium",NA,"414",10,0,0,0,0,25,2,0,0,0,12,0.01,0,0,NA
"469","Americano ","Small",NA,"295",5,0,0,0,0,15,1,0,0,0,7,0.01,0,0,NA
"470","Frozen Dunkaccino ","Large",NA,"591",930,22,15,0,40,350,177,3,159,10,294,0.23,3,0.17,NA
"471","Frozen Dunkaccino ","Medium",NA,"414",710,17,12,0,35,260,134,3,119,8,223,0.17,2,0.11,NA
"472","Frozen Dunkaccino ","Small",NA,"295",510,13,9,0,25,180,94,2,83,5,155,0.12,1,0.06,NA
"473","Caramel Swirl Frozen Coffee with Cream ","Large","Cream","591",1120,40,22,1.5,130,290,180,0,172,10,346,0.27,2,0.11,NA
"474","Caramel Swirl Frozen Coffee with Cream ","Medium","Cream","414",860,31,17,1,100,220,139,0,132,8,267,0.21,2,0.11,NA
"475","Caramel Swirl Frozen Coffee with Cream ","Small","Cream","295",610,22,12,0.5,70,160,97,0,92,6,190,0.15,1,0.06,NA
"476","Caramel Swirl Frozen Coffee with Skim Milk ","Large","Nonfat","591",830,5,3.5,0,25,240,184,0,176,11,405,0.31,2,0.11,NA
"477","Caramel Swirl Frozen Coffee with Skim Milk ","Medium","Nonfat","414",650,4.5,3,0,25,180,142,0,135,9,312,0.24,2,0.11,NA
"478","Caramel Swirl Frozen Coffee with Skim Milk ","Small","Nonfat","295",470,4.5,3,0,20,130,99,0,94,6,220,0.17,1,0.06,NA
"479","Caramel Swirl Frozen Coffee with Whole Milk ","Large","Whole","591",880,11,7,0,40,240,184,0,175,11,388,0.3,2,0.11,NA
"480","Caramel Swirl Frozen Coffee with Whole Milk ","Medium","Whole","414",680,9,6,0,35,180,141,0,134,8,299,0.23,2,0.11,NA
"481","Caramel Swirl Frozen Coffee with Whole Milk ","Small","Whole","295",490,8,4.5,0,30,130,99,0,94,6,211,0.16,1,0.06,NA
"482","French Vanilla Swirl Frozen Coffee with Cream ","Large","Cream","591",1110,40,22,1.5,130,280,180,0,169,10,326,0.25,2,0.11,NA
"483","French Vanilla Swirl Frozen Coffee with Cream ","Medium","Cream","414",860,31,17,1,100,220,138,0,130,8,253,0.19,2,0.11,NA
"484","French Vanilla Swirl Frozen Coffee with Cream ","Small","Cream","295",610,22,12,0.5,70,150,97,0,91,6,181,0.14,1,0.06,NA
"485","French Vanilla Swirl Frozen Coffee with Skim Milk ","Large","Nonfat","591",830,5,3.5,0,25,230,184,0,173,11,386,0.3,2,0.11,NA
"486","French Vanilla Swirl Frozen Coffee with Skim Milk ","Medium","Nonfat","414",640,4.5,3,0,20,180,141,0,133,9,297,0.23,2,0.11,NA
"487","French Vanilla Swirl Frozen Coffee with Skim Milk ","Small","Nonfat","295",460,4.5,3,0,20,125,99,0,93,6,210,0.16,1,0.06,NA
"488","French Vanilla Swirl Frozen Coffee with Whole Milk ","Large","Whole","591",880,11,7,0,40,230,183,0,173,11,369,0.28,2,0.11,NA
"489","French Vanilla Swirl Frozen Coffee with Whole Milk ","Medium","Whole","414",680,9,6,0,35,180,141,0,132,8,284,0.22,2,0.11,NA
"490","French Vanilla Swirl Frozen Coffee with Whole Milk ","Small","Whole","295",490,8,4.5,0,30,125,99,0,92,6,202,0.16,1,0.06,NA
"491","Frozen Coffee with Cream ","Large","Cream","591",780,35,18,1,105,200,113,0,108,7,204,0.16,2,0.11,NA
"492","Frozen Coffee with Cream ","Medium","Cream","414",590,26,14,1,80,150,85,0,81,5,153,0.12,2,0.11,NA
"493","Frozen Coffee with Cream ","Small","Cream","295",390,17,9,0.5,55,100,57,0,54,3,102,0.08,1,0.06,NA
"494","Frozen Coffee with Skim Milk ","Large","Nonfat","591",500,0,0,0,5,150,117,0,112,8,263,0.2,2,0.11,NA
"495","Frozen Coffee with Skim Milk ","Medium","Nonfat","414",370,0,0,0,5,115,88,0,84,6,198,0.15,2,0.11,NA
"496","Frozen Coffee with Skim Milk ","Small","Nonfat","295",250,0,0,0,0,75,59,0,56,4,132,0.1,1,0.06,NA
"497","Frozen Coffee with Whole Milk ","Large","Whole","591",550,6,3.5,0,20,150,117,0,111,7,246,0.19,2,0.11,NA
"498","Frozen Coffee with Whole Milk ","Medium","Whole","414",410,4.5,2.5,0,15,115,88,0,84,5,185,0.14,2,0.11,NA
"499","Frozen Coffee with Whole Milk ","Small","Whole","295",270,3,1.5,0,10,75,58,0,56,4,123,0.09,1,0.06,NA
"500","Hazelnut Swirl Frozen Coffee with Cream ","Large","Cream","591",1110,40,22,1.5,130,280,180,0,169,10,326,0.25,2,0.11,NA
"501","Hazelnut Swirl Frozen Coffee with Cream ","Medium","Cream","414",860,31,17,1,100,220,138,0,130,8,253,0.19,2,0.11,NA
"502","Hazelnut Swirl Frozen Coffee with Cream ","Small","Cream","295",610,22,12,0.5,70,150,97,0,91,6,181,0.14,1,0.06,NA
"503","Hazelnut Swirl Frozen Coffee with Skim Milk ","Large","Nonfat","591",830,5,3.5,0,25,230,184,0,173,11,386,0.3,2,0.11,NA
"504","Hazelnut Swirl Frozen Coffee with Skim Milk ","Medium","Nonfat","414",640,4.5,3,0,20,180,141,0,133,9,297,0.23,2,0.11,NA
"505","Hazelnut Swirl Frozen Coffee with Skim Milk ","Small","Nonfat","295",470,4.5,3,0,20,125,99,0,93,6,210,0.16,1,0.06,NA
"506","Hazelnut Swirl Frozen Coffee with Whole Milk ","Large","Whole","591",880,11,7,0,40,230,184,0,173,11,369,0.28,2,0.11,NA
"507","Hazelnut Swirl Frozen Coffee with Whole Milk ","Medium","Whole","414",680,9,6,0,35,180,141,0,132,8,284,0.22,2,0.11,NA
"508","Hazelnut Swirl Frozen Coffee with Whole Milk ","Small","Whole","295",490,8,4.5,0,30,125,99,0,92,6,202,0.16,1,0.06,NA
"509","Mocha Swirl Frozen Coffee with Cream ","Large","Cream","591",1100,41,22,1.5,125,240,179,3,165,9,235,0.18,4,0.22,NA
"510","Mocha Swirl Frozen Coffee with Cream ","Medium","Cream","414",850,31,17,1,95,190,137,2,126,7,180,0.14,3,0.17,NA
"511","Mocha Swirl Frozen Coffee with Cream ","Small","Cream","295",600,22,13,0.5,70,125,97,2,88,5,126,0.1,2,0.11,NA
"512","Mocha Swirl Frozen Coffee with Skim Milk ","Large","Nonfat","591",820,6,4,0,20,190,183,3,169,10,294,0.23,4,0.22,NA
"513","Mocha Swirl Frozen Coffee with Skim Milk ","Medium","Nonfat","414",630,5,3.5,0,20,150,140,2,129,8,224,0.17,3,0.17,NA
"514","Mocha Swirl Frozen Coffee with Skim Milk ","Small","Nonfat","295",460,5,3.5,0,15,100,99,2,90,5,155,0.12,2,0.11,NA
"515","Mocha Swirl Frozen Coffee with Whole Milk ","Large","Whole","591",870,12,7,0,35,190,183,3,169,9,277,0.21,4,0.22,NA
"516","Mocha Swirl Frozen Coffee with Whole Milk ","Medium","Whole","414",670,10,6,0,30,150,140,2,129,7,211,0.16,3,0.17,NA
"517","Mocha Swirl Frozen Coffee with Whole Milk ","Small","Whole","295",480,8,5,0,25,100,98,2,90,5,147,0.11,2,0.11,NA
"518","Caramel Swirl Frozen Chocolate ","Large",NA,"591",900,17,12,0,40,380,176,1,165,11,392,0.3,0,0,NA
"519","Caramel Swirl Frozen Chocolate ","Medium",NA,"414",700,14,10,0,35,290,135,1,126,9,302,0.23,0,0,NA
"520","Caramel Swirl Frozen Chocolate ","Small",NA,"295",500,11,8,0,30,200,95,1,88,6,213,0.16,0,0,NA
"521","French Vanilla Swirl Frozen Chocolate ","Large",NA,"591",900,17,12,0,40,370,175,1,162,11,372,0.29,0,0,NA
"522","French Vanilla Swirl Frozen Chocolate ","Medium",NA,"414",700,14,10,0,35,280,135,1,124,9,287,0.22,0,0,NA
"523","French Vanilla Swirl Frozen Chocolate ","Small",NA,"295",500,11,8,0,30,190,95,1,87,6,204,0.16,0,0,NA
"524","Frozen Chocolate ","Large",NA,"591",890,18,13,0,35,330,175,4,158,10,281,0.22,2,0.11,NA
"525","Frozen Chocolate ","Medium",NA,"414",690,15,10,0,30,250,134,3,121,7,214,0.16,2,0.11,NA
"526","Frozen Chocolate ","Small",NA,"295",490,11,8,0,25,170,94,2,84,5,149,0.11,1,0.06,NA
"527","Hazelnut Swirl Frozen Chocolate ","Large",NA,"591",900,17,12,0,40,370,176,1,162,11,372,0.29,0,0,NA
"528","Hazelnut Swirl Frozen Chocolate ","Medium",NA,"414",700,14,10,0,35,280,135,1,124,9,287,0.22,0,0,NA
"529","Hazelnut Swirl Frozen Chocolate ","Small",NA,"295",500,11,8,0,30,190,95,1,87,6,204,0.16,0,0,NA
"530","Blue Raspberry Dunkin' Energy Punch Powered by Monster Energy","Large",NA,"591",420,0,0,0,0,460,102,0,96,0,12,0.01,0,0,NA
"531","Strawberry Dunkin' Energy Punch Powered by Monster Energy","Large",NA,"591",430,0,0,0,0,420,106,1,96,0,19,0.01,0,0,NA
"532","Blue Raspberry Coolatta ","Large",NA,"591",460,0,0,0,0,60,112,0,110,0,24,0.02,0,0,NA
"533","Blue Raspberry Coolatta ","Medium",NA,"414",350,0,0,0,0,45,84,0,83,0,18,0.01,0,0,NA
"534","Blue Raspberry Coolatta ","Small",NA,"295",230,0,0,0,0,30,56,0,55,0,10,0.01,0,0,NA
"535","Strawberry Coolatta ","Large",NA,"591",470,0,0,0,0,25,115,1,110,0,32,0.02,0,0,NA
"536","Strawberry Coolatta ","Medium",NA,"414",350,0,0,0,0,15,86,1,83,0,24,0.02,0,0,NA
"537","Strawberry Coolatta ","Small",NA,"295",240,0,0,0,0,10,57,1,55,0,16,0.01,0,0,NA
"538","Vanilla Bean Coolatta ","Large",NA,"591",790,6,3.5,0,20,320,172,0,167,10,379,0.29,0,0,NA
"539","Vanilla Bean Coolatta ","Medium",NA,"414",590,4.5,2.5,0,15,240,129,0,125,7,284,0.22,0,0,NA
"540","Vanilla Bean Coolatta ","Small",NA,"295",390,3,1.5,0,10,160,86,0,83,5,190,0.15,0,0,NA
"541","Cold Brew Coffee ","Large",NA,"591",5,0,0,0,0,20,0,0,0,1,21,0.02,0,0,NA
"542","Cold Brew Coffee ","Medium",NA,"414",5,0,0,0,0,15,0,0,0,0,15,0.01,0,0,NA
"543","Cold Brew Coffee ","Small",NA,"295",5,0,0,0,0,10,0,0,0,0,11,0.01,0,0,NA
"544","Cold Brew Coffee with Cream ","Large","Cream","591",120,12,6,0,35,65,2,0,2,2,75,0.06,0,0,NA
"545","Cold Brew Coffee with Cream ","Medium","Cream","414",90,9,4.5,0,25,45,1,0,1,2,55,0.04,0,0,NA
"546","Cold Brew Coffee with Cream ","Small","Cream","295",60,6,3,0,20,30,1,0,1,1,37,0.03,0,0,NA
"547","Cold Brew Coffee with Cream and Sugar ","Large","Cream","591",260,12,6,0,35,65,37,0,36,2,75,0.06,0,0,NA
"548","Cold Brew Coffee with Cream and Sugar ","Medium","Cream","414",190,9,4.5,0,25,45,27,0,27,2,55,0.04,0,0,NA
"549","Cold Brew Coffee with Cream and Sugar ","Small","Cream","295",130,6,3,0,20,30,18,0,18,1,38,0.03,0,0,NA
"550","Nitro Cold Brew Coffee ","Small",NA,"295",5,0,0,0,0,5,0,0,0,0,6,0,0,0,NA
