NAME,SIZE,ROAST,MILK,WHIP,SERVING_SIZE_ml,CALORIES,TOTAL_FAT_g,SATURATED_FAT_g,TRANS_FAT_g,CHOLESTEROL_mg,SODIUM_mg,TOTAL_CARB_g,DIETARY_FIBER_g,SUGAR_g,PROTEIN_g,VIT_A_pcdv,VIT_C_pcdv,CALCIUM_pcdv,IRON_pcdv,CAFFEINE_mg,CALS,PRICE
Brewed Coffee,Short,Dark,NA,NA,236,3,0.1,0,0,0,5,0,0,0,0.3,0,0,0,0,130,5,2.15
Brewed Coffee,Tall,Dark,NA,NA,354,4,0.1,0,0,0,10,0,0,0,0.5,0,0,0,0,193,5,2.25
Brewed Coffee,Grande,Dark,NA,NA,473,5,0.1,0,0,0,10,0,0,0,1,0,0,0,0,260,5,2.65
Brewed Coffee,Venti,Dark,NA,NA,591,5,0.1,0,0,0,10,0,0,0,1,0,0,0.02,0,340,5,2.95
Brewed Coffee,Short,Decaf,NA,NA,236,3,0.1,0,0,0,5,0,0,0,0.3,0,0,0,0,15,5,2.15
Brewed Coffee,Tall,Decaf,NA,NA,354,4,0.1,0,0,0,10,0,0,0,0.5,0,0,0,0,20,5,2.25
Brewed Coffee,Grande,Decaf,NA,NA,473,5,0.1,0,0,0,10,0,0,0,1,0,0,0,0,25,5,2.65
Brewed Coffee,Venti,Decaf,NA,NA,591,5,0.1,0,0,0,10,0,0,0,1,0,0,0,0,30,5,2.95
Brewed Coffee,Short,Medium,NA,NA,236,3,0.1,0,0,0,5,0,0,0,0.3,0,0,0,0,155,5,2.15
Brewed Coffee,Tall,Medium,NA,NA,354,4,0.1,0,0,0,10,0,0,0,0.5,0,0,0,0,235,5,2.25
Brewed Coffee,Grande,Medium,NA,NA,473,5,0.1,0,0,0,10,0,0,0,1,0,0,0,0,310,5,2.65
Brewed Coffee,Venti,Medium,NA,NA,591,5,0.1,0,0,0,10,0,0,0,1,0,0,0.02,0,410,5,2.95
Brewed Coffee,Short,Blonde,NA,NA,236,3,0.1,0,0,0,5,0,0,0,0.3,0,0,0,0,180,5,2.15
Brewed Coffee,Tall,Blonde,NA,NA,354,4,0.1,0,0,0,10,0,0,0,0.5,0,0,0,0,270,5,2.25
Brewed Coffee,Grande,Blonde,NA,NA,473,5,0.1,0,0,0,10,0,0,0,1,0,0,0,0,360,5,2.65
Brewed Coffee,Venti,Blonde,NA,NA,591,5,0.1,0,0,0,10,0,0,0,1,0,0,0.02,0,475,5,2.95
Caffe Misto,Short,NA,Nonfat,NA,236,35,0.1,0.1,0,0,45,5,0,5,4,0.06,0,0.1,0,75,50,2.85
Caffe Misto,Short,NA,2%,NA,236,50,2,1,0.1,10,50,5,0,5,4,0.06,0,0.1,0,75,50,2.85
Caffe Misto,Short,NA,Whole,NA,236,70,3.5,2,0.1,10,50,5,0,5,3,0.04,0,0.1,0,75,50,2.85
Caffe Misto,Short,NA,Soy,NA,236,40,1.5,0.2,0,0,40,3,0,2,3,0.04,0,0.1,0.06,75,50,2.85
Caffe Misto,Short,NA,Coconut,NA,236,40,2.5,2.5,0,0,45,4,0,3,0.4,0,0,0,0,75,50,2.85
Caffe Misto,Tall,NA,Nonfat,NA,354,60,0.2,0.1,0,5,70,8,0,8,6,0.1,0,0.2,0,115,80,2.95
Caffe Misto,Tall,NA,2%,NA,354,80,3,1.5,0.1,15,80,8,0,8,5,0.08,0,0.2,0,115,80,2.95
Caffe Misto,Tall,NA,Whole,NA,354,100,5,3,0.2,15,70,8,0,8,5,0.08,0,0.15,0,115,80,2.95
Caffe Misto,Tall,NA,Soy,NA,354,60,2.5,0.3,0,0,60,5,1,4,4,0.06,0,0.2,0.08,115,80,2.95
Caffe Misto,Tall,NA,Coconut,NA,354,60,3.5,3.5,0,0,70,6,0,5,1,0,0,0,0,115,80,2.95
Caffe Misto,Grande,NA,Nonfat,NA,473,70,0.2,0.1,0,5,90,10,0,10,7,0.15,0,0.25,0,150,110,3.35
Caffe Misto,Grande,NA,2%,NA,473,110,4,2,0.1,15,100,10,0,10,7,0.1,0,0.25,0,150,110,3.35
Caffe Misto,Grande,NA,Whole,NA,473,130,7,4,0.2,20,95,10,0,10,7,0.1,0,0.2,0,150,110,3.35
Caffe Misto,Grande,NA,Soy,NA,473,80,3,0.4,0,0,80,6,1,5,6,0.08,0,0.25,0.1,150,110,3.35
Caffe Misto,Grande,NA,Coconut,NA,473,70,4.5,4.5,0,0,90,7,0,7,1,0,0,0,0,150,110,3.35
Caffe Misto,Venti,NA,Nonfat,NA,591,90,0.3,0.2,0,5,115,13,0,13,9,0.15,0,0.3,0,195,130,3.65
Caffe Misto,Venti,NA,2%,NA,591,130,5,2.5,0.2,20,130,13,0,13,9,0.15,0,0.3,0,195,130,3.65
Caffe Misto,Venti,NA,Whole,NA,591,160,9,5,0.3,25,120,13,0,13,9,0.1,0,0.25,0,195,130,3.65
Caffe Misto,Venti,NA,Soy,NA,591,100,4,0.5,0,0,100,8,1,6,7,0.1,0,0.3,0.15,195,130,3.65
Caffe Misto,Venti,NA,Coconut,NA,591,80,5,4.5,0,0,90,7,0,7,1,0,0,0,0,195,130,3.65
Brewed Coffee,Short,Dark,NA,NA,236,10,0,0,0,0,5,0,0,0,0,0,0,0,0,190,5,2.15
Brewed Coffee,Tall,Dark,NA,NA,354,10,0,0,0,0,10,0,0,0,0,0,0,0,0,280,5,2.25
Brewed Coffee,Grande,Dark,NA,NA,473,10,0,0,0,0,10,0,0,0,1,0,0,0,0,380,5,2.65
Brewed Coffee,Venti,Dark,NA,NA,591,10,0,0,0,0,10,0,0,0,1,0,0,0,0,470,5,2.95
Brewed Coffee,Short,Light,NA,NA,236,10,0,0,0,0,5,0,0,0,0,0,0,0,0,155,5,2.15
Brewed Coffee,Tall,Light,NA,NA,354,10,0,0,0,0,10,0,0,0,0,0,0,0,0,255,5,2.25
Brewed Coffee,Grande,Light,NA,NA,473,10,0,0,0,0,10,0,0,0,1,0,0,0,0,340,5,2.65
Brewed Coffee,Venti,Light,NA,NA,591,10,0,0,0,0,10,0,0,0,1,0,0,0,0,425,5,2.95
Brewed Coffee,Short,Medium,NA,NA,236,10,0,0,0,0,5,0,0,0,0,0,0,0,0,170,5,2.15
Brewed Coffee,Tall,Medium,NA,NA,354,10,0,0,0,0,10,0,0,0,0,0,0,0,0,280,5,2.25
Brewed Coffee,Grande,Medium,NA,NA,473,10,0,0,0,0,10,0,0,0,1,0,0,0,0,375,5,2.65
Brewed Coffee,Venti,Medium,NA,NA,591,10,0,0,0,0,10,0,0,0,1,0,0,0,0,445,5,2.95
Iced Coffee,Tall,NA,NA,NA,354,60,0,0,0,0,10,15,0,15,0.2,0,0,0,0,120,60,2.95
Iced Coffee,Grande,NA,NA,NA,473,80,0.1,0,0,0,10,20,0,20,0.3,0,0,0.02,0,165,80,3.25
Iced Coffee,Venti,NA,NA,NA,709,120,0.1,0,0,0,15,30,0,30,0.4,0,0,0.02,0,235,120,3.75
Iced Coffee,Trenta,NA,NA,NA,887,160,0.1,0,0,0,15,40,0,39,1,0,0,0.02,0,280,160,3.95
Iced Coffee,Tall,NA,Nonfat,NA,354,80,0.1,0,0,0,30,17,0,17,2,0.02,0,0.06,0,90,60,2.95
Iced Coffee,Tall,NA,2%,NA,354,80,1,0.5,0,5,30,17,0,17,2,0.02,0,0.06,0,90,60,2.95
Iced Coffee,Tall,NA,Whole,NA,354,90,1.5,1,0,5,30,17,0,17,2,0.02,0,0.06,0,90,60,2.95
Iced Coffee,Tall,NA,Soy,NA,354,80,1,0.1,0,0,25,16,0,16,2,0.02,0,0.06,0.02,90,60,2.95
Iced Coffee,Tall,NA,Coconut,NA,354,80,1,1,0,0,25,17,0,16,0.3,0,0,0,0,110,60,2.95
Iced Coffee,Grande,NA,Nonfat,NA,473,100,0.1,0,0,0,35,23,0,23,2,0.04,0,0.08,0,125,80,3.25
Iced Coffee,Grande,NA,2%,NA,473,110,1.5,1,0.1,5,40,23,0,23,2,0.04,0,0.08,0,125,80,3.25
Iced Coffee,Grande,NA,Whole,NA,473,120,2,1,0.1,5,35,23,0,23,2,0.02,0,0.08,0,125,80,3.25
Iced Coffee,Grande,NA,Soy,NA,473,110,1,0.1,0,0,35,22,0,21,2,0.02,0,0.08,0.04,125,80,3.25
Iced Coffee,Grande,NA,Coconut,NA,473,100,1.5,1.5,0,0,35,22,0,22,0.4,0,0,0,0,150,80,3.25
Iced Coffee,Venti,NA,Nonfat,NA,709,160,0.1,0.1,0,0,60,35,0,35,4,0.06,0,0.15,0,170,120,3.75
Iced Coffee,Venti,NA,2%,NA,709,170,2,1.5,0.1,10,65,35,0,35,4,0.06,0,0.15,0,170,120,3.75
Iced Coffee,Venti,NA,Whole,NA,709,190,3.5,2,0.1,10,60,35,0,35,4,0.04,0,0.1,0,170,120,3.75
Iced Coffee,Venti,NA,Soy,NA,709,160,1.5,0.2,0,0,55,33,0,32,3,0.04,0,0.15,0.06,170,120,3.75
Iced Coffee,Venti,NA,Coconut,NA,709,160,2.5,2,0,0,55,33,0,33,1,0,0,0.02,0,205,120,3.75
Iced Coffee,Trenta,NA,Nonfat,NA,887,210,0.2,0.1,0,5,70,46,0,46,5,0.08,0,0.15,0,190,160,3.95
Iced Coffee,Trenta,NA,2%,NA,887,230,3,1.5,0.1,10,80,46,0,46,5,0.08,0,0.15,0,190,160,3.95
Iced Coffee,Trenta,NA,Whole,NA,887,240,4.5,2.5,0.1,15,75,46,0,46,5,0.06,0,0.15,0,190,160,3.95
Iced Coffee,Trenta,NA,Soy,NA,887,220,2,0.3,0,0,65,44,1,43,4,0.06,0,0.15,0.08,190,160,3.95
Iced Coffee,Trenta,NA,Coconut,NA,887,210,3,3,0,0,70,44,0,44,1,0,0,0.02,0,190,160,3.95
Vanilla Sweet Cream Cold Brew,Tall,NA,NA,NA,354,100,6,3.5,0.2,20,20,12,0,12,1,0.06,0,0.02,0,140,90,3.75
Vanilla Sweet Cream Cold Brew,Grande,NA,NA,NA,473,110,6,3.5,0.2,20,25,14,0,14,1,0.06,0,0.04,0,185,110,4.25
Vanilla Sweet Cream Cold Brew,Venti,NA,NA,NA,709,200,11,7,0.3,40,40,24,0,24,1,0.15,0,0.06,0,275,200,4.45
Vanilla Sweet Cream Cold Brew,Trenta,NA,NA,NA,887,210,11,7,0.3,40,45,26,0,26,2,0.15,0,0.06,0,320,210,4.75
Caffe Americano,Short,NA,NA,NA,236,5,0,0,0,0,5,1,0,0,0,0,0,0,0,75,5,2.65
Caffe Americano,Tall,NA,NA,NA,354,10,0,0,0,0,10,2,0,0,1,0,0,0.02,0,150,10,2.95
Caffe Americano,Grande,NA,NA,NA,473,15,0,0,0,0,15,3,0,0,1,0,0,0.02,0,225,15,3.45
Caffe Americano,Venti,NA,NA,NA,591,25,0,0,0,0,15,4,0,0,1,0,0,0.02,0,300,20,3.65
Caffe Latte,Short,NA,Nonfat,NA,236,70,0.1,0.1,0,5,75,10,0,9,6,0.1,0,0.2,0,75,100,3.35
Caffe Latte,Short,NA,2%,NA,236,100,3.5,2.5,0.2,15,85,10,0,9,6,0.1,0,0.2,0,75,100,3.35
Caffe Latte,Short,NA,Whole,NA,236,110,6,3.5,0.2,20,75,10,0,9,6,0.08,0,0.2,0,75,100,3.35
Caffe Latte,Short,NA,Soy,NA,236,70,2.5,0.4,0,0,65,6,1,4,5,0.06,0,0.2,0.08,75,100,3.35
Caffe Latte,Short,NA,Coconut,NA,236,70,4,4,0,0,75,7,0,6,1,0,0,0,0,75,100,3.35
Caffe Latte,Tall,NA,Nonfat,NA,354,100,0.2,0.2,0,5,120,15,0,14,10,0.15,0,0.3,0,75,150,3.45
Caffe Latte,Tall,NA,Nonfat,NA,354,100,0.2,0.2,0,5,120,15,0,14,10,0.15,0,0.3,0,75,NA,2.95
Caffe Latte,Tall,NA,2%,NA,354,150,6,3.5,0.2,25,135,15,0,14,10,0.15,0,0.3,0,75,150,3.45
Caffe Latte,Tall,NA,2%,NA,354,150,6,3.5,0.2,25,135,15,0,14,10,0.15,0,0.3,0,75,NA,2.95
Caffe Latte,Tall,NA,Whole,NA,354,180,9,5,0.3,30,125,15,0,14,9,0.15,0,0.3,0,75,150,3.45
Caffe Latte,Tall,NA,Whole,NA,354,180,9,5,0.3,30,125,15,0,14,9,0.15,0,0.3,0,75,NA,2.95
Caffe Latte,Tall,NA,Soy,NA,354,110,4.5,0.5,0,0,105,10,1,6,8,0.1,0,0.3,0.15,75,150,3.45
Caffe Latte,Tall,NA,Soy,NA,354,110,4.5,0.5,0,0,105,10,1,6,8,0.1,0,0.3,0.15,75,NA,2.95
Caffe Latte,Tall,NA,Coconut,NA,354,110,7,6,0,0,120,11,0,10,1,0,0,0,0,75,150,3.45
Caffe Latte,Tall,NA,Coconut,NA,354,110,7,6,0,0,120,11,0,10,1,0,0,0,0,75,NA,2.95
Caffe Latte,Grande,NA,Nonfat,NA,473,130,0.3,0.2,0,5,150,19,0,18,13,0.2,0,0.4,0,150,190,4.25
Caffe Latte,Grande,NA,Nonfat,NA,473,130,0.3,0.2,0,5,150,19,0,18,13,0.2,0,0.4,0,150,NA,3.65
Caffe Latte,Grande,NA,2%,NA,473,190,7,4.5,0.3,30,170,19,0,17,12,0.2,0.02,0.4,0,150,190,4.25
Caffe Latte,Grande,NA,2%,NA,473,190,7,4.5,0.3,30,170,19,0,17,12,0.2,0.02,0.4,0,150,NA,3.65
Caffe Latte,Grande,NA,Whole,NA,473,230,11,7,0.3,35,150,19,0,17,12,0.15,0,0.35,0,150,190,4.25
Caffe Latte,Grande,NA,Whole,NA,473,230,11,7,0.3,35,150,19,0,17,12,0.15,0,0.35,0,150,NA,3.65
Caffe Latte,Grande,NA,Soy,NA,473,150,5,0.5,0,0,130,13,1,8,10,0.15,0,0.4,0.15,150,190,4.25
Caffe Latte,Grande,NA,Soy,NA,473,150,5,0.5,0,0,130,13,1,8,10,0.15,0,0.4,0.15,150,NA,3.65
Caffe Latte,Grande,NA,Coconut,NA,473,140,8,8,0,0,150,14,0,12,1,0,0,0,0,150,190,4.25
Caffe Latte,Grande,NA,Coconut,NA,473,140,8,8,0,0,150,14,0,12,1,0,0,0,0,150,NA,3.65
Caffe Latte,Venti,NA,Nonfat,NA,591,170,0.4,0.3,0,10,190,25,0,23,16,0.3,0,0.5,0,150,250,4.75
Caffe Latte,Venti,NA,Nonfat,NA,591,170,0.4,0.3,0,10,190,25,0,23,16,0.3,0,0.5,0,150,NA,4.15
Caffe Latte,Venti,NA,2%,NA,591,240,9,6,0.4,35,220,24,0,22,16,0.25,0.02,0.5,0,150,250,4.75
Caffe Latte,Venti,NA,2%,NA,591,240,9,6,0.4,35,220,24,0,22,16,0.25,0.02,0.5,0,150,NA,4.15
Caffe Latte,Venti,NA,Whole,NA,591,290,15,9,0.5,45,200,24,0,22,15,0.2,0,0.5,0,150,250,4.75
Caffe Latte,Venti,NA,Whole,NA,591,290,15,9,0.5,45,200,24,0,22,15,0.2,0,0.5,0,150,NA,4.15
Caffe Latte,Venti,NA,Soy,NA,591,190,7,1,0,0,170,16,2,11,13,0.2,0,0.5,0.25,150,250,4.75
Caffe Latte,Venti,NA,Soy,NA,591,190,7,1,0,0,170,16,2,11,13,0.2,0,0.5,0.25,150,NA,4.15
Caffe Latte,Venti,NA,Coconut,NA,591,170,11,10,0,0,200,18,0,16,2,0,0,0,0,150,250,4.75
Caffe Latte,Venti,NA,Coconut,NA,591,170,11,10,0,0,200,18,0,16,2,0,0,0,0,150,NA,4.15
Iced Caffe Latte,Tall,NA,Nonfat,NA,354,70,0.1,0.1,0,5,80,10,0,9,6,0.1,0,0.2,0,75,100,3.45
Iced Caffe Latte,Tall,NA,2%,NA,354,100,3.5,2,0.1,15,90,10,0,9,6,0.1,0,0.2,0,75,100,3.45
Iced Caffe Latte,Tall,NA,Whole,NA,354,120,6,3.5,0.2,20,85,10,0,9,6,0.08,0,0.2,0,75,100,3.45
Iced Caffe Latte,Tall,NA,Soy,NA,354,80,3,0.4,0,0,75,7,1,4,5,0.08,0,0.2,0.1,75,100,3.45
Iced Caffe Latte,Tall,NA,Coconut,NA,354,70,4,4,0,0,80,7,0,6,1,0,0,0,0,75,100,3.45
Iced Caffe Latte,Grande,NA,Nonfat,NA,473,90,0.2,0.1,0,5,105,13,0,11,8,0.15,0,0.25,0,150,130,4.25
Iced Caffe Latte,Grande,NA,2%,NA,473,130,4.5,2.5,0.1,20,115,13,0,11,8,0.15,0,0.25,0,150,130,4.25
Iced Caffe Latte,Grande,NA,Whole,NA,473,150,7,4.5,0.2,25,105,13,0,11,8,0.1,0,0.25,0,150,130,4.25
Iced Caffe Latte,Grande,NA,Soy,NA,473,100,3.5,0.5,0,0,95,9,1,5,7,0.1,0,0.25,0.1,150,130,4.25
Iced Caffe Latte,Grande,NA,Coconut,NA,473,90,5,5,0,0,105,10,0,8,1,0,0,0,0,150,130,4.25
Iced Caffe Latte,Venti,NA,Nonfat,NA,709,130,0.3,0.2,0,5,140,19,0,16,12,0.2,0,0.35,0,225,180,4.95
Iced Caffe Latte,Venti,NA,2%,NA,709,180,6,3,0.2,25,160,18,0,15,12,0.2,0.02,0.35,0,225,180,4.95
Iced Caffe Latte,Venti,NA,Whole,NA,709,210,10,6,0.3,30,150,18,0,15,11,0.15,0,0.35,0,225,180,4.95
Iced Caffe Latte,Venti,NA,Soy,NA,709,150,5,0.5,0,0,130,13,1,8,10,0.15,0,0.4,0.15,225,180,4.95
Iced Caffe Latte,Venti,NA,Coconut,NA,709,130,7,7,0,0,150,14,0,11,2,0,0,0.02,0,225,180,4.95
Caffe Mocha,Short,NA,Nonfat,FALSE,236,120,1.5,1,0,5,65,21,2,17,7,0.08,0,0.15,0.15,90,200,3.95
Caffe Mocha,Short,NA,Nonfat,TRUE,236,180,6,4,0.2,20,70,23,2,18,7,0.15,0,0.2,0.15,90,200,3.95
Caffe Mocha,Short,NA,2%,FALSE,236,150,4,2.5,0.1,10,70,21,2,17,7,0.08,0,0.15,0.15,90,200,3.95
Caffe Mocha,Short,NA,2%,TRUE,236,200,9,6,0.3,30,75,22,2,18,7,0.15,0,0.2,0.15,90,200,3.95
Caffe Mocha,Short,NA,Whole,FALSE,236,160,6,3.5,0.1,15,65,21,2,17,6,0.06,0,0.15,0.15,90,200,3.95
Caffe Mocha,Short,NA,Whole,TRUE,236,210,11,7,0.3,35,70,22,2,18,7,0.15,0,0.15,0.15,90,200,3.95
Caffe Mocha,Short,NA,Soy,FALSE,236,130,3.5,1,0,0,55,18,3,13,6,0.06,0,0.15,0.25,90,200,3.95
Caffe Mocha,Short,NA,Soy,TRUE,236,180,9,4,0.2,20,60,20,3,14,6,0.1,0,0.2,0.25,90,200,3.95
Caffe Mocha,Short,NA,Coconut,FALSE,236,130,4.5,4,0,0,65,19,2,15,2,0,0,0,0.15,90,200,3.95
Caffe Mocha,Short,NA,Coconut,TRUE,236,180,10,7,0.2,20,70,21,2,16,2,0.06,0,0.02,0.15,90,200,3.95
Caffe Mocha,Tall,NA,Nonfat,FALSE,354,190,2,1,0,5,100,32,3,27,10,0.15,0,0.3,0.25,95,290,4.15
Caffe Mocha,Tall,NA,Nonfat,FALSE,354,190,2,1,0,5,100,32,3,27,10,0.15,0,0.3,0.25,95,NA,3.45
Caffe Mocha,Tall,NA,Nonfat,TRUE,354,250,8,5,0.2,25,110,34,3,28,11,0.2,0,0.3,0.25,95,290,4.15
Caffe Mocha,Tall,NA,Nonfat,TRUE,354,250,8,5,0.2,25,110,34,3,28,11,0.2,0,0.3,0.25,95,NA,3.45
Caffe Mocha,Tall,NA,2%,FALSE,354,230,6,4,0.2,20,115,32,3,26,10,0.15,0,0.25,0.25,95,290,4.15
Caffe Mocha,Tall,NA,2%,FALSE,354,230,6,4,0.2,20,115,32,3,26,10,0.15,0,0.25,0.25,95,NA,3.45
Caffe Mocha,Tall,NA,2%,TRUE,354,290,13,8,0.4,40,120,34,3,28,11,0.2,0.02,0.3,0.25,95,290,4.15
Caffe Mocha,Tall,NA,2%,TRUE,354,290,13,8,0.4,40,120,34,3,28,11,0.2,0.02,0.3,0.25,95,NA,3.45
Caffe Mocha,Tall,NA,Whole,FALSE,354,250,9,6,0.2,25,105,32,3,26,10,0.1,0,0.25,0.25,95,290,4.15
Caffe Mocha,Tall,NA,Whole,FALSE,354,250,9,6,0.2,25,105,32,3,26,10,0.1,0,0.25,0.25,95,NA,3.45
Caffe Mocha,Tall,NA,Whole,TRUE,354,310,16,9,0.4,45,110,34,3,28,10,0.2,0,0.25,0.25,95,290,4.15
Caffe Mocha,Tall,NA,Whole,TRUE,354,310,16,9,0.4,45,110,34,3,28,10,0.2,0,0.25,0.25,95,NA,3.45
Caffe Mocha,Tall,NA,Soy,FALSE,354,200,5,1.5,0,0,90,28,4,20,9,0.1,0,0.25,0.35,95,290,4.15
Caffe Mocha,Tall,NA,Soy,FALSE,354,200,5,1.5,0,0,90,28,4,20,9,0.1,0,0.25,0.35,95,NA,3.45
Caffe Mocha,Tall,NA,Soy,TRUE,354,260,11,5,0.2,25,95,30,4,22,9,0.15,0,0.3,0.35,95,290,4.15
Caffe Mocha,Tall,NA,Soy,TRUE,354,260,11,5,0.2,25,95,30,4,22,9,0.15,0,0.3,0.35,95,NA,3.45
Caffe Mocha,Tall,NA,Coconut,FALSE,354,190,7,6,0,0,105,29,3,23,3,0,0,0.02,0.25,95,290,4.15
Caffe Mocha,Tall,NA,Coconut,FALSE,354,190,7,6,0,0,105,29,3,23,3,0,0,0.02,0.25,95,NA,3.45
Caffe Mocha,Tall,NA,Coconut,TRUE,354,250,13,10,0.2,25,110,30,3,25,3,0.06,0,0.02,0.25,95,290,4.15
Caffe Mocha,Tall,NA,Coconut,TRUE,354,250,13,10,0.2,25,110,30,3,25,3,0.06,0,0.02,0.25,95,NA,3.45
Caffe Mocha,Grande,NA,Nonfat,FALSE,473,250,2.5,1.5,0,5,125,42,4,34,13,0.2,0,0.35,0.35,175,370,4.65
Caffe Mocha,Grande,NA,Nonfat,FALSE,473,250,2.5,1.5,0,5,125,42,4,34,13,0.2,0,0.35,0.35,175,NA,4.15
Caffe Mocha,Grande,NA,Nonfat,TRUE,473,320,10,6,0.2,30,135,44,4,36,14,0.25,0,0.35,0.35,175,370,4.65
Caffe Mocha,Grande,NA,Nonfat,TRUE,473,320,10,6,0.2,30,135,44,4,36,14,0.25,0,0.35,0.35,175,NA,4.15
Caffe Mocha,Grande,NA,2%,FALSE,473,290,8,5,0.2,25,140,42,4,34,13,0.15,0.02,0.35,0.35,175,370,4.65
Caffe Mocha,Grande,NA,2%,FALSE,473,290,8,5,0.2,25,140,42,4,34,13,0.15,0.02,0.35,0.35,175,NA,4.15
Caffe Mocha,Grande,NA,2%,TRUE,473,360,15,9,0.5,50,150,44,4,35,13,0.25,0.02,0.35,0.35,175,370,4.65
Caffe Mocha,Grande,NA,2%,TRUE,473,360,15,9,0.5,50,150,44,4,35,13,0.25,0.02,0.35,0.35,175,NA,4.15
Caffe Mocha,Grande,NA,Whole,FALSE,473,330,12,7,0.3,30,130,42,4,34,13,0.15,0,0.3,0.35,175,370,4.65
Caffe Mocha,Grande,NA,Whole,FALSE,473,330,12,7,0.3,30,130,42,4,34,13,0.15,0,0.3,0.35,175,NA,4.15
Caffe Mocha,Grande,NA,Whole,TRUE,473,400,19,11,0.5,55,135,44,4,35,13,0.2,0,0.35,0.35,175,370,4.65
Caffe Mocha,Grande,NA,Whole,TRUE,473,400,19,11,0.5,55,135,44,4,35,13,0.2,0,0.35,0.35,175,NA,4.15
Caffe Mocha,Grande,NA,Soy,FALSE,473,260,7,2,0,0,110,37,5,26,11,0.1,0,0.35,0.5,175,370,4.65
Caffe Mocha,Grande,NA,Soy,FALSE,473,260,7,2,0,0,110,37,5,26,11,0.1,0,0.35,0.5,175,NA,4.15
Caffe Mocha,Grande,NA,Soy,TRUE,473,330,14,6,0.2,25,115,39,5,28,12,0.2,0,0.35,0.5,175,370,4.65
Caffe Mocha,Grande,NA,Soy,TRUE,473,330,14,6,0.2,25,115,39,5,28,12,0.2,0,0.35,0.5,175,NA,4.15
Caffe Mocha,Grande,NA,Coconut,FALSE,473,250,9,8,0,0,130,38,4,30,4,0,0,0.02,0.35,175,370,4.65
Caffe Mocha,Grande,NA,Coconut,FALSE,473,250,9,8,0,0,130,38,4,30,4,0,0,0.02,0.35,175,NA,4.15
Caffe Mocha,Grande,NA,Coconut,TRUE,473,320,16,12,0.2,25,135,40,4,32,4,0.08,0,0.02,0.35,175,370,4.65
Caffe Mocha,Grande,NA,Coconut,TRUE,473,320,16,12,0.2,25,135,40,4,32,4,0.08,0,0.02,0.35,175,NA,4.15
Caffe Mocha,Venti,NA,Nonfat,FALSE,591,310,3.5,2,0,10,170,54,5,44,17,0.25,0,0.45,0.4,185,450,4.95
Caffe Mocha,Venti,NA,Nonfat,FALSE,591,310,3.5,2,0,10,170,54,5,44,17,0.25,0,0.45,0.4,185,NA,4.65
Caffe Mocha,Venti,NA,Nonfat,TRUE,591,390,10,6,0.2,35,170,56,5,45,18,0.3,0,0.45,0.4,185,450,4.95
Caffe Mocha,Venti,NA,Nonfat,TRUE,591,390,10,6,0.2,35,170,56,5,45,18,0.3,0,0.45,0.4,185,NA,4.65
Caffe Mocha,Venti,NA,2%,FALSE,591,380,11,7,0.3,30,190,53,5,43,17,0.2,0.02,0.45,0.4,185,450,4.95
Caffe Mocha,Venti,NA,2%,FALSE,591,380,11,7,0.3,30,190,53,5,43,17,0.2,0.02,0.45,0.4,185,NA,4.65
Caffe Mocha,Venti,NA,2%,TRUE,591,450,18,11,0.5,55,190,55,5,45,17,0.3,0.02,0.45,0.4,185,450,4.95
Caffe Mocha,Venti,NA,2%,TRUE,591,450,18,11,0.5,55,190,55,5,45,17,0.3,0.02,0.45,0.4,185,NA,4.65
Caffe Mocha,Venti,NA,Whole,FALSE,591,420,16,9,0.4,40,170,53,5,43,16,0.2,0,0.4,0.4,185,450,4.95
Caffe Mocha,Venti,NA,Whole,FALSE,591,420,16,9,0.4,40,170,53,5,43,16,0.2,0,0.4,0.4,185,NA,4.65
Caffe Mocha,Venti,NA,Whole,TRUE,591,490,23,13,0.5,65,180,55,5,45,17,0.25,0,0.45,0.4,185,450,4.95
Caffe Mocha,Venti,NA,Whole,TRUE,591,490,23,13,0.5,65,180,55,5,45,17,0.25,0,0.45,0.4,185,NA,4.65
Caffe Mocha,Venti,NA,Soy,FALSE,591,330,9,2.5,0,0,140,46,6,34,15,0.15,0,0.45,0.6,185,450,4.95
Caffe Mocha,Venti,NA,Soy,FALSE,591,330,9,2.5,0,0,140,46,6,34,15,0.15,0,0.45,0.6,185,NA,4.65
Caffe Mocha,Venti,NA,Soy,TRUE,591,400,16,7,0.2,25,150,48,6,35,15,0.25,0,0.45,0.6,185,450,4.95
Caffe Mocha,Venti,NA,Soy,TRUE,591,400,16,7,0.2,25,150,48,6,35,15,0.25,0,0.45,0.6,185,NA,4.65
Caffe Mocha,Venti,NA,Coconut,FALSE,591,320,12,10,0,0,170,48,5,38,5,0,0,0.02,0.4,185,450,4.95
Caffe Mocha,Venti,NA,Coconut,FALSE,591,320,12,10,0,0,170,48,5,38,5,0,0,0.02,0.4,185,NA,4.65
Caffe Mocha,Venti,NA,Coconut,TRUE,591,390,19,15,0.2,25,180,50,5,40,5,0.08,0,0.04,0.4,185,450,4.95
Caffe Mocha,Venti,NA,Coconut,TRUE,591,390,19,15,0.2,25,180,50,5,40,5,0.08,0,0.04,0.4,185,NA,4.65
Iced Caffe Mocha,Tall,NA,Nonfat,FALSE,354,150,2,1,0,5,65,27,3,22,7,0.08,0,0.15,0.25,95,260,4.15
Iced Caffe Mocha,Tall,NA,Nonfat,TRUE,354,240,10,6,0.2,30,75,30,3,23,7,0.15,0,0.2,0.25,95,260,4.15
Iced Caffe Mocha,Tall,NA,2%,FALSE,354,180,4.5,3,0.1,10,70,27,3,21,7,0.08,0,0.15,0.25,95,260,4.15
Iced Caffe Mocha,Tall,NA,2%,TRUE,354,260,12,8,0.4,40,80,29,3,23,7,0.15,0,0.2,0.25,95,260,4.15
Iced Caffe Mocha,Tall,NA,Whole,FALSE,354,190,6,3.5,0.1,15,65,27,3,21,7,0.06,0,0.15,0.25,95,260,4.15
Iced Caffe Mocha,Tall,NA,Whole,TRUE,354,270,14,9,0.4,45,75,29,3,23,7,0.15,0,0.15,0.25,95,260,4.15
Iced Caffe Mocha,Tall,NA,Soy,FALSE,354,160,4,1.5,0,0,60,25,3,18,6,0.06,0,0.15,0.3,95,260,4.15
Iced Caffe Mocha,Tall,NA,Soy,TRUE,354,240,12,6,0.2,30,65,27,3,20,7,0.15,0,0.2,0.3,95,260,4.15
Iced Caffe Mocha,Tall,NA,Coconut,FALSE,354,150,5,4,0,0,65,25,3,19,3,0,0,0.02,0.25,95,260,4.15
Iced Caffe Mocha,Tall,NA,Coconut,TRUE,354,240,13,9,0.2,30,70,27,3,22,3,0.1,0,0.02,0.25,95,260,4.15
Iced Caffe Mocha,Grande,NA,Nonfat,FALSE,473,200,2.5,1.5,0,5,80,36,4,28,9,0.1,0,0.2,0.35,175,350,4.65
Iced Caffe Mocha,Grande,NA,Nonfat,TRUE,473,320,14,8,0.3,45,90,40,4,30,10,0.25,0,0.25,0.35,175,350,4.65
Iced Caffe Mocha,Grande,NA,2%,FALSE,473,230,6,3.5,0.1,15,90,36,4,28,9,0.1,0,0.2,0.35,175,350,4.65
Iced Caffe Mocha,Grande,NA,2%,TRUE,473,350,17,11,0.5,55,100,39,4,30,10,0.2,0,0.2,0.35,175,350,4.65
Iced Caffe Mocha,Grande,NA,Whole,FALSE,473,250,8,4.5,0.2,15,80,36,4,28,9,0.08,0,0.2,0.35,175,350,4.65
Iced Caffe Mocha,Grande,NA,Whole,TRUE,473,360,19,12,0.5,60,95,39,4,30,9,0.2,0,0.2,0.35,175,350,4.65
Iced Caffe Mocha,Grande,NA,Soy,FALSE,473,210,5,2,0,0,75,33,5,24,8,0.06,0,0.2,0.4,175,350,4.65
Iced Caffe Mocha,Grande,NA,Soy,TRUE,473,330,16,9,0.3,40,85,37,5,26,9,0.2,0,0.25,0.4,175,350,4.65
Iced Caffe Mocha,Grande,NA,Coconut,FALSE,473,210,6,5,0,0,80,34,4,26,4,0,0,0.02,0.35,175,350,4.65
Iced Caffe Mocha,Grande,NA,Coconut,TRUE,473,320,18,12,0.3,40,95,37,4,29,4,0.15,0,0.04,0.35,175,350,4.65
Iced Caffe Mocha,Venti,NA,Nonfat,FALSE,709,300,3.5,2.5,0,5,110,53,6,41,13,0.15,0,0.3,0.5,265,450,5.25
Iced Caffe Mocha,Venti,NA,Nonfat,TRUE,709,410,15,9,0.3,45,120,57,6,43,14,0.25,0,0.3,0.5,265,450,5.25
Iced Caffe Mocha,Venti,NA,2%,FALSE,709,340,8,5,0.2,20,120,53,6,41,13,0.15,0,0.3,0.5,265,450,5.25
Iced Caffe Mocha,Venti,NA,2%,TRUE,709,450,19,12,0.5,60,130,56,6,43,13,0.25,0.02,0.3,0.5,265,450,5.25
Iced Caffe Mocha,Venti,NA,Whole,FALSE,709,360,11,6,0.2,25,110,53,6,41,12,0.1,0,0.25,0.5,265,450,5.25
Iced Caffe Mocha,Venti,NA,Whole,TRUE,709,470,22,13,0.5,65,125,56,6,43,13,0.25,0,0.3,0.5,265,450,5.25
Iced Caffe Mocha,Venti,NA,Soy,FALSE,709,310,7,2.5,0,0,100,49,7,35,12,0.1,0,0.3,0.6,265,450,5.25
Iced Caffe Mocha,Venti,NA,Soy,TRUE,709,430,18,10,0.3,40,110,53,7,37,12,0.2,0,0.3,0.6,265,450,5.25
Iced Caffe Mocha,Venti,NA,Coconut,FALSE,709,300,9,7,0,0,115,50,6,38,5,0,0,0.04,0.5,265,450,5.25
Iced Caffe Mocha,Venti,NA,Coconut,TRUE,709,420,20,14,0.3,40,125,53,6,41,6,0.15,0,0.06,0.5,265,450,5.25
Cappuccino,Short,NA,Nonfat,NA,236,50,0.1,0.1,0,5,60,8,0,7,5,0.08,0,0.15,0,75,70,3.35
Cappuccino,Short,NA,2%,NA,236,80,3,1.5,0.1,10,70,8,0,7,5,0.08,0,0.15,0,75,70,3.35
Cappuccino,Short,NA,Whole,NA,236,90,4.5,2.5,0.1,15,60,8,0,7,5,0.06,0,0.15,0,75,70,3.35
Cappuccino,Short,NA,Soy,NA,236,50,1.5,0.2,0,0,40,4,0,3,3,0.04,0,0.1,0.06,75,70,3.35
Cappuccino,Short,NA,Coconut,NA,236,70,4,4,0,0,75,7,0,6,1,0,0,0,0,75,70,3.35
Cappuccino,Tall,NA,Nonfat,NA,354,60,0.1,0.1,0,5,70,9,0,8,6,0.1,0,0.2,0,75,100,3.45
Cappuccino,Tall,NA,2%,NA,354,90,3.5,1.5,0.1,15,80,9,0,8,6,0.1,0,0.2,0,75,100,3.45
Cappuccino,Tall,NA,Whole,NA,354,110,6,3,0.2,15,75,9,0,8,6,0.08,0,0.2,0,75,100,3.45
Cappuccino,Tall,NA,Soy,NA,354,70,3,0.4,0,0,65,7,1,4,5,0.06,0,0.2,0.08,75,100,3.45
Cappuccino,Tall,NA,Coconut,NA,354,100,6,6,0,0,115,11,0,9,1,0,0,0,0,75,100,3.45
Cappuccino,Grande,NA,Nonfat,NA,473,80,0.2,0.1,0,5,90,12,0,10,8,0.15,0,0.25,0,150,140,4.25
Cappuccino,Grande,NA,2%,NA,473,120,4,2,0.1,15,100,12,0,10,8,0.1,0,0.25,0,150,140,4.25
Cappuccino,Grande,NA,Whole,NA,473,140,7,4,0.2,20,90,12,0,10,7,0.1,0,0.2,0,150,140,4.25
Cappuccino,Grande,NA,Soy,NA,473,100,3.5,0.4,0,0,80,9,1,5,7,0.08,0,0.25,0.1,150,140,4.25
Cappuccino,Grande,NA,Coconut,NA,473,130,8,8,0,0,150,14,0,12,1,0,0,0,0,150,140,4.25
Cappuccino,Venti,NA,Nonfat,NA,591,110,0.2,0.2,0,5,120,16,0,14,10,0.2,0,0.3,0,150,200,4.75
Cappuccino,Venti,NA,2%,NA,591,150,6,3,0.2,25,135,16,0,14,10,0.15,0,0.3,0,150,200,4.75
Cappuccino,Venti,NA,Whole,NA,591,190,9,5,0.3,30,125,16,0,14,10,0.15,0,0.3,0,150,200,4.75
Cappuccino,Venti,NA,Soy,NA,591,120,4.5,0.5,0,0,110,11,1,7,9,0.1,0,0.35,0.15,150,200,4.75
Cappuccino,Venti,NA,Coconut,NA,591,170,10,10,0,0,190,18,0,15,2,0,0,0,0,150,200,4.75
Caramel Macchiato,Short,NA,Nonfat,NA,236,100,1,0.5,0,5,70,16,0,15,5,0.1,0,0.15,0,75,120,4.35
Caramel Macchiato,Short,NA,2%,NA,236,120,4,2.5,0.1,15,80,16,0,15,5,0.1,0,0.15,0,75,120,4.35
Caramel Macchiato,Short,NA,Whole,NA,236,140,6,3.5,0.1,20,70,16,0,15,5,0.08,0,0.15,0,75,120,4.35
Caramel Macchiato,Short,NA,Soy,NA,236,100,3,1,0,0,60,14,1,11,4,0.06,0,0.15,0.08,75,120,4.35
Caramel Macchiato,Short,NA,Coconut,NA,236,100,4,3.5,0,0,70,14,0,13,1,0,0,0,0,75,120,4.35
Caramel Macchiato,Tall,NA,Nonfat,NA,354,150,1.5,1,0,10,105,27,0,25,8,0.15,0,0.25,0,75,190,4.45
Caramel Macchiato,Tall,NA,Nonfat,NA,354,150,1.5,1,0,10,105,27,0,25,8,0.15,0,0.25,0,75,NA,3.75
Caramel Macchiato,Tall,NA,2%,NA,354,190,6,3.5,0.2,20,120,26,0,25,8,0.15,0,0.25,0,75,190,4.45
Caramel Macchiato,Tall,NA,2%,NA,354,190,6,3.5,0.2,20,120,26,0,25,8,0.15,0,0.25,0,75,NA,3.75
Caramel Macchiato,Tall,NA,Whole,NA,354,210,9,5,0.2,25,110,26,0,25,8,0.1,0,0.25,0,75,190,4.45
Caramel Macchiato,Tall,NA,Whole,NA,354,210,9,5,0.2,25,110,26,0,25,8,0.1,0,0.25,0,75,NA,3.75
Caramel Macchiato,Tall,NA,Soy,NA,354,160,4.5,1,0,5,95,22,1,19,6,0.1,0,0.25,0.1,75,190,4.45
Caramel Macchiato,Tall,NA,Soy,NA,354,160,4.5,1,0,5,95,22,1,19,6,0.1,0,0.25,0.1,75,NA,3.75
Caramel Macchiato,Tall,NA,Coconut,NA,354,150,6,6,0,5,105,23,0,21,1,0.02,0,0,0,75,190,4.45
Caramel Macchiato,Tall,NA,Coconut,NA,354,150,6,6,0,5,105,23,0,21,1,0.02,0,0,0,75,NA,3.75
Caramel Macchiato,Grande,NA,Nonfat,NA,473,200,1.5,1,0,10,135,36,0,34,11,0.2,0,0.35,0,150,250,4.95
Caramel Macchiato,Grande,NA,Nonfat,NA,473,200,1.5,1,0,10,135,36,0,34,11,0.2,0,0.35,0,150,NA,4.45
Caramel Macchiato,Grande,NA,2%,NA,473,250,7,4.5,0.2,25,150,35,0,33,10,0.2,0.02,0.3,0,150,250,4.95
Caramel Macchiato,Grande,NA,2%,NA,473,250,7,4.5,0.2,25,150,35,0,33,10,0.2,0.02,0.3,0,150,NA,4.45
Caramel Macchiato,Grande,NA,Whole,NA,473,280,11,6,0.3,35,140,35,0,33,10,0.15,0,0.3,0,150,250,4.95
Caramel Macchiato,Grande,NA,Whole,NA,473,280,11,6,0.3,35,140,35,0,33,10,0.15,0,0.3,0,150,NA,4.45
Caramel Macchiato,Grande,NA,Soy,NA,473,210,6,1.5,0,5,120,30,1,26,9,0.15,0,0.35,0.15,150,250,4.95
Caramel Macchiato,Grande,NA,Soy,NA,473,210,6,1.5,0,5,120,30,1,26,9,0.15,0,0.35,0.15,150,NA,4.45
Caramel Macchiato,Grande,NA,Coconut,NA,473,200,8,7,0,5,130,32,0,29,1,0.02,0,0,0,150,250,4.95
Caramel Macchiato,Grande,NA,Coconut,NA,473,200,8,7,0,5,130,32,0,29,1,0.02,0,0,0,150,NA,4.45
Caramel Macchiato,Venti,NA,Nonfat,NA,591,250,1.5,1,0,10,170,45,0,42,13,0.25,0,0.4,0,150,310,5.25
Caramel Macchiato,Venti,NA,Nonfat,NA,591,250,1.5,1,0,10,170,45,0,42,13,0.25,0,0.4,0,150,NA,4.75
Caramel Macchiato,Venti,NA,2%,NA,591,310,9,6,0.3,35,190,44,0,42,13,0.2,0.02,0.4,0,150,310,5.25
Caramel Macchiato,Venti,NA,2%,NA,591,310,9,6,0.3,35,190,44,0,42,13,0.2,0.02,0.4,0,150,NA,4.75
Caramel Macchiato,Venti,NA,Whole,NA,591,350,13,8,0.4,40,170,44,0,42,12,0.2,0,0.4,0,150,310,5.25
Caramel Macchiato,Venti,NA,Whole,NA,591,350,13,8,0.4,40,170,44,0,42,12,0.2,0,0.4,0,150,NA,4.75
Caramel Macchiato,Venti,NA,Soy,NA,591,260,7,1.5,0,5,150,38,1,33,11,0.15,0,0.4,0.2,150,310,5.25
Caramel Macchiato,Venti,NA,Soy,NA,591,260,7,1.5,0,5,150,38,1,33,11,0.15,0,0.4,0.2,150,NA,4.75
Caramel Macchiato,Venti,NA,Coconut,NA,591,250,10,9,0,5,170,39,0,36,1,0.02,0,0,0,150,310,5.25
Caramel Macchiato,Venti,NA,Coconut,NA,591,250,10,9,0,5,170,39,0,36,1,0.02,0,0,0,150,NA,4.75
Iced Caramel Macchiato,Tall,NA,Nonfat,NA,354,140,1.5,1,0,10,100,26,0,24,7,0.15,0,0.25,0,75,180,4.45
Iced Caramel Macchiato,Tall,NA,Nonfat,NA,354,140,1.5,1,0,10,100,26,0,24,7,0.15,0,0.25,0,75,NA,3.75
Iced Caramel Macchiato,Tall,NA,2%,NA,354,180,5,3.5,0.2,20,110,26,0,24,7,0.1,0,0.2,0,75,180,4.45
Iced Caramel Macchiato,Tall,NA,2%,NA,354,180,5,3.5,0.2,20,110,26,0,24,7,0.1,0,0.2,0,75,NA,3.75
Iced Caramel Macchiato,Tall,NA,Whole,NA,354,200,8,4.5,0.2,25,100,26,0,24,7,0.1,0,0.2,0,75,180,4.45
Iced Caramel Macchiato,Tall,NA,Whole,NA,354,200,8,4.5,0.2,25,100,26,0,24,7,0.1,0,0.2,0,75,NA,3.75
Iced Caramel Macchiato,Tall,NA,Soy,NA,354,160,4.5,1.5,0,5,90,22,1,19,6,0.1,0,0.25,0.1,75,180,4.45
Iced Caramel Macchiato,Tall,NA,Soy,NA,354,160,4.5,1.5,0,5,90,22,1,19,6,0.1,0,0.25,0.1,75,NA,3.75
Iced Caramel Macchiato,Tall,NA,Coconut,NA,354,140,6,5,0,5,95,23,0,21,1,0.02,0,0,0,75,180,4.45
Iced Caramel Macchiato,Tall,NA,Coconut,NA,354,140,6,5,0,5,95,23,0,21,1,0.02,0,0,0,75,NA,3.75
Iced Caramel Macchiato,Grande,NA,Nonfat,NA,473,210,2,1.5,0,10,135,37,0,35,10,0.2,0,0.3,0,150,250,4.95
Iced Caramel Macchiato,Grande,NA,Nonfat,NA,473,210,2,1.5,0,10,135,37,0,35,10,0.2,0,0.3,0,150,NA,4.45
Iced Caramel Macchiato,Grande,NA,2%,NA,473,250,7,4.5,0.2,25,150,37,0,34,10,0.15,0,0.3,0,150,250,4.95
Iced Caramel Macchiato,Grande,NA,2%,NA,473,250,7,4.5,0.2,25,150,37,0,34,10,0.15,0,0.3,0,150,NA,4.45
Iced Caramel Macchiato,Grande,NA,Whole,NA,473,280,11,6,0.3,35,140,37,0,34,9,0.15,0,0.3,0,150,250,4.95
Iced Caramel Macchiato,Grande,NA,Whole,NA,473,280,11,6,0.3,35,140,37,0,34,9,0.15,0,0.3,0,150,NA,4.45
Iced Caramel Macchiato,Grande,NA,Soy,NA,473,220,6,2,0,5,125,32,1,28,8,0.15,0,0.3,0.15,150,250,4.95
Iced Caramel Macchiato,Grande,NA,Soy,NA,473,220,6,2,0,5,125,32,1,28,8,0.15,0,0.3,0.15,150,NA,4.45
Iced Caramel Macchiato,Grande,NA,Coconut,NA,473,210,8,7,0,5,130,33,0,30,1,0.02,0,0.02,0,150,250,4.95
Iced Caramel Macchiato,Grande,NA,Coconut,NA,473,210,8,7,0,5,130,33,0,30,1,0.02,0,0.02,0,150,NA,4.45
Iced Caramel Macchiato,Venti,NA,Nonfat,NA,709,290,2.5,1.5,0,15,180,53,0,50,14,0.25,0,0.45,0,225,350,5.45
Iced Caramel Macchiato,Venti,NA,Nonfat,NA,709,290,2.5,1.5,0,15,180,53,0,50,14,0.25,0,0.45,0,225,NA,4.95
Iced Caramel Macchiato,Venti,NA,2%,NA,709,350,9,6,0.3,35,200,53,0,49,13,0.25,0.02,0.4,0,225,350,5.45
Iced Caramel Macchiato,Venti,NA,2%,NA,709,350,9,6,0.3,35,200,53,0,49,13,0.25,0.02,0.4,0,225,NA,4.95
Iced Caramel Macchiato,Venti,NA,Whole,NA,709,390,14,8,0.4,45,190,53,0,49,13,0.2,0,0.4,0,225,350,5.45
Iced Caramel Macchiato,Venti,NA,Whole,NA,709,390,14,8,0.4,45,190,53,0,49,13,0.2,0,0.4,0,225,NA,4.95
Iced Caramel Macchiato,Venti,NA,Soy,NA,709,310,8,2,0,5,170,47,1,40,11,0.15,0,0.45,0.2,225,350,5.45
Iced Caramel Macchiato,Venti,NA,Soy,NA,709,310,8,2,0,5,170,47,1,40,11,0.15,0,0.45,0.2,225,NA,4.95
Iced Caramel Macchiato,Venti,NA,Coconut,NA,709,290,10,9,0,5,170,47,0,43,2,0.02,0,0.02,0,225,350,5.45
Iced Caramel Macchiato,Venti,NA,Coconut,NA,709,290,10,9,0,5,170,47,0,43,2,0.02,0,0.02,0,225,NA,4.95
Cinnamon Dolce Latte,Tall,NA,Nonfat,FALSE,354,160,0.2,0.1,0,5,110,31,0,30,9,0.15,0,0.3,0,75,NA,3.65
Cinnamon Dolce Latte,Tall,NA,Nonfat,TRUE,354,220,6,4,0.2,30,115,33,0,31,9,0.25,0,0.3,0,75,NA,3.65
Cinnamon Dolce Latte,Tall,NA,2%,FALSE,354,200,5,2.5,0.2,20,125,30,0,29,9,0.15,0,0.3,0,75,NA,3.65
Cinnamon Dolce Latte,Tall,NA,2%,TRUE,354,270,11,6,0.3,45,130,32,0,31,9,0.2,0.02,0.3,0,75,NA,3.65
Cinnamon Dolce Latte,Tall,NA,Whole,FALSE,354,230,8,5,0.3,25,110,30,0,29,8,0.1,0,0.25,0,75,NA,3.65
Cinnamon Dolce Latte,Tall,NA,Whole,TRUE,354,290,14,9,0.4,50,120,32,0,31,9,0.2,0,0.3,0,75,NA,3.65
Cinnamon Dolce Latte,Tall,NA,Soy,FALSE,354,170,4,0.5,0,0,95,26,1,23,7,0.1,0,0.3,0.15,75,NA,3.65
Cinnamon Dolce Latte,Tall,NA,Soy,TRUE,354,240,10,4.5,0.2,20,100,28,1,25,8,0.15,0,0.3,0.15,75,NA,3.65
Cinnamon Dolce Latte,Tall,NA,Coconut,FALSE,354,160,6,6,0,0,110,27,0,26,1,0,0,0,0,75,NA,3.65
Cinnamon Dolce Latte,Tall,NA,Coconut,TRUE,354,230,12,9,0.2,20,115,29,0,28,1,0.06,0,0.02,0,75,NA,3.65
Cinnamon Dolce Latte,Grande,NA,Nonfat,FALSE,473,210,0.3,0.2,0,5,135,40,0,38,11,0.2,0,0.35,0,150,NA,4.25
Cinnamon Dolce Latte,Grande,NA,Nonfat,TRUE,473,280,7,4.5,0.2,30,140,43,0,40,12,0.25,0,0.35,0,150,NA,4.25
Cinnamon Dolce Latte,Grande,NA,2%,FALSE,473,260,6,3,0.2,25,150,40,0,38,11,0.2,0.02,0.35,0,150,NA,4.25
Cinnamon Dolce Latte,Grande,NA,2%,TRUE,473,330,13,8,0.4,50,160,42,0,40,12,0.25,0.02,0.35,0,150,NA,4.25
Cinnamon Dolce Latte,Grande,NA,Whole,FALSE,473,300,10,6,0.3,30,140,40,0,38,11,0.15,0,0.35,0,150,NA,4.25
Cinnamon Dolce Latte,Grande,NA,Whole,TRUE,473,370,17,10,0.5,60,150,42,0,40,11,0.25,0,0.35,0,150,NA,4.25
Cinnamon Dolce Latte,Grande,NA,Soy,FALSE,473,220,5,0.5,0,0,120,34,1,30,9,0.1,0,0.35,0.15,150,NA,4.25
Cinnamon Dolce Latte,Grande,NA,Soy,TRUE,473,300,12,5,0.2,25,125,37,1,32,10,0.2,0,0.35,0.15,150,NA,4.25
Cinnamon Dolce Latte,Grande,NA,Coconut,FALSE,473,210,7,7,0,0,140,36,0,33,1,0,0,0,0,150,NA,4.25
Cinnamon Dolce Latte,Grande,NA,Coconut,TRUE,473,290,14,11,0.2,25,150,38,0,36,2,0.08,0,0.02,0,150,NA,4.25
Cinnamon Dolce Latte,Venti,NA,Nonfat,FALSE,591,270,0.3,0.2,0,10,180,51,0,49,15,0.25,0,0.45,0,150,NA,4.65
Cinnamon Dolce Latte,Venti,NA,Nonfat,TRUE,591,340,7,4.5,0.2,35,190,54,0,51,15,0.35,0,0.5,0.02,150,NA,4.65
Cinnamon Dolce Latte,Venti,NA,2%,FALSE,591,330,8,4,0.2,35,200,50,0,48,15,0.25,0.02,0.45,0,150,NA,4.65
Cinnamon Dolce Latte,Venti,NA,2%,TRUE,591,410,15,9,0.5,60,210,53,0,50,15,0.3,0.02,0.45,0,150,NA,4.65
Cinnamon Dolce Latte,Venti,NA,Whole,FALSE,591,380,14,8,0.4,40,180,50,0,48,14,0.2,0,0.45,0,150,NA,4.65
Cinnamon Dolce Latte,Venti,NA,Whole,TRUE,591,450,21,12,0.5,70,190,53,0,50,14,0.3,0,0.45,0.02,150,NA,4.65
Cinnamon Dolce Latte,Venti,NA,Soy,FALSE,591,280,6,1,0,0,160,43,2,38,12,0.15,0,0.45,0.2,150,NA,4.65
Cinnamon Dolce Latte,Venti,NA,Soy,TRUE,591,360,13,5,0.2,25,160,46,2,40,12,0.25,0,0.5,0.2,150,NA,4.65
Cinnamon Dolce Latte,Venti,NA,Coconut,FALSE,591,270,10,9,0,0,180,45,0,42,2,0,0,0,0,150,NA,4.65
Cinnamon Dolce Latte,Venti,NA,Coconut,TRUE,591,350,17,14,0.2,25,190,47,0,45,2,0.08,0,0.02,0,150,NA,4.65
Espresso,Solo,NA,NA,NA,NA,5,0,0,0,0,0,1,0,0,0,0,0,0,0,75,5,2.45
Espresso,Doppio,NA,NA,NA,NA,10,0,0,0,0,0,2,0,0,1,0,0,0,0,150,10,2.65
Espresso,Triple,NA,NA,NA,NA,15,0,0,0,0,0,3,0,0,2,0,0,0,0,225,15,2.95
Espresso,Quad,NA,NA,NA,NA,20,0,0,0,0,0,4,0,0,2,0,0,0,0,300,20,3.25
Iced Espresso,Solo,NA,NA,NA,NA,5,0,0,0,0,0,1,0,0,0,0,0,0,0,75,5,2.45
Iced Espresso,Doppio,NA,NA,NA,NA,10,0,0,0,0,0,2,0,0,1,0,0,0,0,150,10,2.65
Iced Espresso,Triple,NA,NA,NA,NA,15,0,0,0,0,0,3,0,0,2,0,0,0,0,225,15,2.95
Iced Espresso,Quad,NA,NA,NA,NA,20,0,0,0,0,0,4,0,0,2,0,0,0,0,300,25,3.25
Espresso Con Panna,Solo,NA,NA,TRUE,NA,30,2.5,1.5,0,10,3,2,0,1,0.5,0.02,0,0,0,75,30,2.55
Espresso Con Panna,Doppio,NA,NA,TRUE,NA,35,2.5,1.5,0.1,10,3,3,0,1,1,0.02,0,0,0,150,35,2.75
Espresso Con Panna,Triple,NA,NA,TRUE,NA,40,2.5,1.5,0.1,10,0,4,0,1,1,0.02,0,0,0,225,40,3.05
Espresso Con Panna,Quad,NA,NA,TRUE,NA,50,2.5,1.5,0.1,10,0,5,0,1,2,0.02,0,0,0,300,45,3.35
Espresso Macchiato,Solo,NA,Nonfat,NA,NA,5,0,0,0,0,2,1,0,0,0.5,0,0,0,0,75,10,2.55
Espresso Macchiato,Solo,NA,2%,NA,NA,10,0.1,0,0,0,2,1,0,0,0.5,0,0,0,0,75,10,2.55
Espresso Macchiato,Solo,NA,Whole,NA,NA,10,0.1,0.1,0,0,2,1,0,0,0.5,0,0,0,0,75,10,2.55
Espresso Macchiato,Solo,NA,Soy,NA,NA,5,0.1,0,0,0,2,1,0,0,0.4,0,0,0,0,75,10,2.55
Espresso Macchiato,Solo,NA,Coconut,NA,NA,5,0.1,0.1,0,0,2,1,0,0,0.3,0,0,0,0,75,10,2.55
Espresso Macchiato,Doppio,NA,Nonfat,NA,NA,15,0,0,0,0,2,2,0,0,1,0,0,0,0,150,15,2.75
Espresso Macchiato,Doppio,NA,2%,NA,NA,15,0.1,0,0,0,2,2,0,0,1,0,0,0,0,150,15,2.75
Espresso Macchiato,Doppio,NA,Whole,NA,NA,15,0.1,0,0,0,2,2,0,0,1,0,0,0,0,150,15,2.75
Espresso Macchiato,Doppio,NA,Soy,NA,NA,15,0.1,0,0,0,2,2,0,0,1,0,0,0,0,150,15,2.75
Espresso Macchiato,Doppio,NA,Coconut,NA,NA,10,0.1,0.1,0,0,2,2,0,0,1,0,0,0,0,150,15,2.75
Espresso Macchiato,Triple,NA,Nonfat,NA,NA,20,0,0,0,0,2,3,0,0,1,0,0,0,0,225,20,3.05
Espresso Macchiato,Triple,NA,2%,NA,NA,20,0.1,0,0,0,2,3,0,0,1,0,0,0,0,225,20,3.05
Espresso Macchiato,Triple,NA,Whole,NA,NA,20,0.1,0,0,0,2,3,0,0,1,0,0,0,0,225,20,3.05
Espresso Macchiato,Triple,NA,Soy,NA,NA,20,0.1,0,0,0,2,3,0,0,1,0,0,0,0,225,20,3.05
Espresso Macchiato,Triple,NA,Coconut,NA,NA,20,0.1,0.1,0,0,2,3,0,0,1,0,0,0,0,225,20,3.05
Espresso Macchiato,Quad,NA,Nonfat,NA,NA,25,0,0,0,0,2,4,0,0,2,0,0,0,0,300,25,3.35
Espresso Macchiato,Quad,NA,2%,NA,NA,25,0.1,0,0,0,2,4,0,0,2,0,0,0,0,300,25,3.35
Espresso Macchiato,Quad,NA,Whole,NA,NA,25,0.1,0,0,0,2,4,0,0,2,0,0,0,0,300,25,3.35
Espresso Macchiato,Quad,NA,Soy,NA,NA,25,0.1,0,0,0,2,4,0,0,2,0,0,0,0,300,25,3.35
Espresso Macchiato,Quad,NA,Coconut,NA,NA,25,0.1,0.1,0,0,2,4,0,0,2,0,0,0,0,300,25,3.35
Flat White,Short,NA,Nonfat,NA,236,60,0.1,0.1,0,5,70,9,0,8,6,0.1,0,0.2,0,130,110,4.15
Flat White,Short,NA,2%,NA,236,90,3.5,2,0.1,15,80,9,0,8,6,0.1,0,0.2,0,130,110,4.15
Flat White,Short,NA,Whole,NA,236,110,5,3,0.2,15,70,9,0,8,6,0.08,0,0.15,0,130,110,4.15
Flat White,Short,NA,Soy,NA,236,70,2.5,0.3,0,0,65,6,1,4,5,0.06,0,0.2,0.08,130,110,4.15
Flat White,Short,NA,Coconut,NA,236,60,4,3.5,0,0,70,7,0,5,1,0,0,0,0,130,110,4.15
Flat White,Tall,NA,Nonfat,NA,354,100,0.2,0.2,0,5,115,15,0,13,10,0.15,0,0.3,0,130,170,4.25
Flat White,Tall,NA,Nonfat,NA,354,100,0.2,0.2,0,5,115,15,0,13,10,0.15,0,0.3,0,130,NA,3.75
Flat White,Tall,NA,2%,NA,354,140,5,3.5,0.2,20,130,14,0,13,9,0.15,0,0.3,0,130,170,4.25
Flat White,Tall,NA,2%,NA,354,140,5,3.5,0.2,20,130,14,0,13,9,0.15,0,0.3,0,130,NA,3.75
Flat White,Tall,NA,Whole,NA,354,170,9,5,0.3,25,115,14,0,13,9,0.15,0,0.3,0,130,170,4.25
Flat White,Tall,NA,Whole,NA,354,170,9,5,0.3,25,115,14,0,13,9,0.15,0,0.3,0,130,NA,3.75
Flat White,Tall,NA,Soy,NA,354,110,4,0.5,0,0,100,10,1,6,8,0.1,0,0.3,0.15,130,170,4.25
Flat White,Tall,NA,Soy,NA,354,110,4,0.5,0,0,100,10,1,6,8,0.1,0,0.3,0.15,130,NA,3.75
Flat White,Tall,NA,Coconut,NA,354,100,6,6,0,0,110,11,0,9,1,0,0,0,0,130,170,4.25
Flat White,Tall,NA,Coconut,NA,354,100,6,6,0,0,110,11,0,9,1,0,0,0,0,130,NA,3.75
Flat White,Grande,NA,Nonfat,NA,473,130,0.3,0.2,0,5,150,19,0,17,12,0.2,0,0.4,0,195,220,4.75
Flat White,Grande,NA,2%,NA,473,180,7,4.5,0.3,30,160,18,0,17,12,0.2,0.02,0.4,0,195,220,4.75
Flat White,Grande,NA,Whole,NA,473,220,11,7,0.3,35,150,18,0,17,12,0.15,0,0.35,0,195,220,4.75
Flat White,Grande,NA,Soy,NA,473,150,5,0.5,0,0,130,13,1,8,10,0.15,0,0.4,0.2,195,220,4.75
Flat White,Grande,NA,Coconut,NA,473,130,8,7,0,0,140,14,0,11,1,0,0,0,0,195,220,4.75
Flat White,Venti,NA,Nonfat,NA,591,170,0.4,0.3,0,10,190,24,0,23,16,0.3,0,0.5,0,195,290,5.25
Flat White,Venti,NA,2%,NA,591,240,9,6,0.4,35,220,24,0,22,16,0.25,0.02,0.5,0,195,290,5.25
Flat White,Venti,NA,Whole,NA,591,290,15,9,0.4,45,200,24,0,22,15,0.2,0,0.45,0,195,290,5.25
Flat White,Venti,NA,Soy,NA,591,190,7,1,0,0,170,16,2,11,13,0.2,0,0.5,0.25,195,290,5.25
Flat White,Venti,NA,Coconut,NA,591,170,10,10,0,0,190,18,0,15,2,0,0,0,0,195,290,5.25
White Chocolate Mocha,Short,NA,Nonfat,FALSE,236,180,3,2.5,0,5,115,30,0,29,7,0.08,0,0.2,0,75,230,4.55
White Chocolate Mocha,Short,NA,Nonfat,TRUE,236,230,8,6,0.2,25,120,32,0,30,7,0.15,0,0.25,0,75,230,4.55
White Chocolate Mocha,Short,NA,2%,FALSE,236,200,6,3.5,0.1,15,120,30,0,29,7,0.08,0.02,0.2,0,75,230,4.55
White Chocolate Mocha,Short,NA,2%,TRUE,236,250,11,7,0.2,35,125,32,0,30,7,0.15,0.02,0.25,0,75,230,4.55
White Chocolate Mocha,Short,NA,Whole,FALSE,236,210,8,5,0.1,15,115,30,0,29,7,0.06,0,0.2,0,75,230,4.55
White Chocolate Mocha,Short,NA,Whole,TRUE,236,270,13,8,0.3,35,120,32,0,30,7,0.15,0,0.2,0,75,230,4.55
White Chocolate Mocha,Short,NA,Soy,FALSE,236,180,5,2.5,0,5,105,28,1,25,6,0.06,0,0.2,0.08,75,230,4.55
White Chocolate Mocha,Short,NA,Soy,TRUE,236,230,10,6,0.2,20,110,29,1,26,6,0.1,0,0.25,0.08,75,230,4.55
White Chocolate Mocha,Short,NA,Coconut,FALSE,236,180,6,5,0,5,115,28,0,27,3,0,0,0.06,0,75,230,4.55
White Chocolate Mocha,Short,NA,Coconut,TRUE,236,230,11,9,0.2,20,120,30,0,28,3,0.06,0,0.08,0,75,230,4.55
White Chocolate Mocha,Tall,NA,Nonfat,FALSE,354,270,4.5,3.5,0,10,180,46,0,45,11,0.15,0.02,0.35,0,75,340,4.65
White Chocolate Mocha,Tall,NA,Nonfat,FALSE,354,270,4.5,3.5,0,10,180,46,0,45,11,0.15,0.02,0.35,0,75,NA,3.75
White Chocolate Mocha,Tall,NA,Nonfat,TRUE,354,330,10,7,0.2,30,190,48,0,46,12,0.2,0.02,0.35,0,75,340,4.65
White Chocolate Mocha,Tall,NA,Nonfat,TRUE,354,330,10,7,0.2,30,190,48,0,46,12,0.2,0.02,0.35,0,75,NA,3.75
White Chocolate Mocha,Tall,NA,2%,FALSE,354,300,9,6,0.1,25,190,46,0,44,11,0.15,0.02,0.35,0,75,340,4.65
White Chocolate Mocha,Tall,NA,2%,FALSE,354,300,9,6,0.1,25,190,46,0,44,11,0.15,0.02,0.35,0,75,NA,3.75
White Chocolate Mocha,Tall,NA,2%,TRUE,354,370,15,10,0.3,45,200,47,0,46,11,0.2,0.02,0.35,0,75,340,4.65
White Chocolate Mocha,Tall,NA,2%,TRUE,354,370,15,10,0.3,45,200,47,0,46,11,0.2,0.02,0.35,0,75,NA,3.75
White Chocolate Mocha,Tall,NA,Whole,FALSE,354,330,12,8,0.2,30,180,46,0,44,11,0.1,0.02,0.35,0,75,340,4.65
White Chocolate Mocha,Tall,NA,Whole,FALSE,354,330,12,8,0.2,30,180,46,0,44,11,0.1,0.02,0.35,0,75,NA,3.75
White Chocolate Mocha,Tall,NA,Whole,TRUE,354,390,18,12,0.4,50,190,47,0,46,11,0.2,0.02,0.35,0,75,340,4.65
White Chocolate Mocha,Tall,NA,Whole,TRUE,354,390,18,12,0.4,50,190,47,0,46,11,0.2,0.02,0.35,0,75,NA,3.75
White Chocolate Mocha,Tall,NA,Soy,FALSE,354,280,8,4,0,5,170,41,1,38,10,0.1,0.02,0.35,0.1,75,340,4.65
White Chocolate Mocha,Tall,NA,Soy,FALSE,354,280,8,4,0,5,170,41,1,38,10,0.1,0.02,0.35,0.1,75,NA,3.75
White Chocolate Mocha,Tall,NA,Soy,TRUE,354,340,14,8,0.2,25,170,43,1,40,10,0.15,0.02,0.35,0.1,75,340,4.65
White Chocolate Mocha,Tall,NA,Soy,TRUE,354,340,14,8,0.2,25,170,43,1,40,10,0.15,0.02,0.35,0.1,75,NA,3.75
White Chocolate Mocha,Tall,NA,Coconut,FALSE,354,270,10,9,0,5,180,42,0,41,4,0,0.02,0.1,0,75,340,4.65
White Chocolate Mocha,Tall,NA,Coconut,FALSE,354,270,10,9,0,5,180,42,0,41,4,0,0.02,0.1,0,75,NA,3.75
White Chocolate Mocha,Tall,NA,Coconut,TRUE,354,330,16,12,0.2,25,180,44,0,43,4,0.06,0.02,0.1,0,75,340,4.65
White Chocolate Mocha,Tall,NA,Coconut,TRUE,354,330,16,12,0.2,25,180,44,0,43,4,0.06,0.02,0.1,0,75,NA,3.75
White Chocolate Mocha,Grande,NA,Nonfat,FALSE,473,350,6,4.5,0,10,230,61,0,58,14,0.2,0.02,0.45,0,150,430,4.95
White Chocolate Mocha,Grande,NA,Nonfat,FALSE,473,350,6,4.5,0,10,230,61,0,58,14,0.2,0.02,0.45,0,150,NA,4.45
White Chocolate Mocha,Grande,NA,Nonfat,TRUE,473,420,13,9,0.2,35,240,63,0,60,15,0.25,0.02,0.45,0,150,430,4.95
White Chocolate Mocha,Grande,NA,Nonfat,TRUE,473,420,13,9,0.2,35,240,63,0,60,15,0.25,0.02,0.45,0,150,NA,4.45
White Chocolate Mocha,Grande,NA,2%,FALSE,473,400,11,7,0.2,30,240,60,0,58,14,0.15,0.02,0.45,0,150,430,4.95
White Chocolate Mocha,Grande,NA,2%,FALSE,473,400,11,7,0.2,30,240,60,0,58,14,0.15,0.02,0.45,0,150,NA,4.45
White Chocolate Mocha,Grande,NA,2%,TRUE,473,470,18,12,0.4,55,250,62,0,59,14,0.25,0.02,0.45,0,150,430,4.95
White Chocolate Mocha,Grande,NA,2%,TRUE,473,470,18,12,0.4,55,250,62,0,59,14,0.25,0.02,0.45,0,150,NA,4.45
White Chocolate Mocha,Grande,NA,Whole,FALSE,473,430,15,10,0.3,35,230,60,0,58,14,0.15,0.02,0.4,0,150,430,4.95
White Chocolate Mocha,Grande,NA,Whole,FALSE,473,430,15,10,0.3,35,230,60,0,58,14,0.15,0.02,0.4,0,150,NA,4.45
White Chocolate Mocha,Grande,NA,Whole,TRUE,473,500,22,14,0.5,60,240,62,0,59,14,0.2,0.02,0.45,0,150,430,4.95
White Chocolate Mocha,Grande,NA,Whole,TRUE,473,500,22,14,0.5,60,240,62,0,59,14,0.2,0.02,0.45,0,150,NA,4.45
White Chocolate Mocha,Grande,NA,Soy,FALSE,473,360,10,5,0,5,210,55,1,51,12,0.1,0.02,0.45,0.15,150,430,4.95
White Chocolate Mocha,Grande,NA,Soy,FALSE,473,360,10,5,0,5,210,55,1,51,12,0.1,0.02,0.45,0.15,150,NA,4.45
White Chocolate Mocha,Grande,NA,Soy,TRUE,473,430,17,10,0.2,30,220,57,1,52,13,0.2,0.02,0.45,0.15,150,430,4.95
White Chocolate Mocha,Grande,NA,Soy,TRUE,473,430,17,10,0.2,30,220,57,1,52,13,0.2,0.02,0.45,0.15,150,NA,4.45
White Chocolate Mocha,Grande,NA,Coconut,FALSE,473,350,12,11,0,5,230,56,0,54,5,0,0.02,0.1,0,150,430,4.95
White Chocolate Mocha,Grande,NA,Coconut,FALSE,473,350,12,11,0,5,230,56,0,54,5,0,0.02,0.1,0,150,NA,4.45
White Chocolate Mocha,Grande,NA,Coconut,TRUE,473,420,19,15,0.2,30,230,58,0,56,6,0.08,0.02,0.15,0,150,430,4.95
White Chocolate Mocha,Grande,NA,Coconut,TRUE,473,420,19,15,0.2,30,230,58,0,56,6,0.08,0.02,0.15,0,150,NA,4.45
White Chocolate Mocha,Venti,NA,Nonfat,FALSE,591,440,7,6,0,15,300,77,0,74,18,0.25,0.02,0.6,0.02,150,530,5.45
White Chocolate Mocha,Venti,NA,Nonfat,FALSE,591,440,7,6,0,15,300,77,0,74,18,0.25,0.02,0.6,0.02,150,NA,4.75
White Chocolate Mocha,Venti,NA,Nonfat,TRUE,591,510,14,10,0.2,40,300,79,0,76,19,0.3,0.02,0.6,0.02,150,530,5.45
White Chocolate Mocha,Venti,NA,Nonfat,TRUE,591,510,14,10,0.2,40,300,79,0,76,19,0.3,0.02,0.6,0.02,150,NA,4.75
White Chocolate Mocha,Venti,NA,2%,FALSE,591,500,15,10,0.2,35,320,76,0,74,18,0.2,0.04,0.6,0,150,530,5.45
White Chocolate Mocha,Venti,NA,2%,FALSE,591,500,15,10,0.2,35,320,76,0,74,18,0.2,0.04,0.6,0,150,NA,4.75
White Chocolate Mocha,Venti,NA,2%,TRUE,591,580,22,14,0.4,65,320,78,0,75,19,0.3,0.04,0.6,0.02,150,530,5.45
White Chocolate Mocha,Venti,NA,2%,TRUE,591,580,22,14,0.4,65,320,78,0,75,19,0.3,0.04,0.6,0.02,150,NA,4.75
White Chocolate Mocha,Venti,NA,Whole,FALSE,591,550,20,13,0.4,45,300,76,0,74,18,0.2,0.02,0.6,0.02,150,530,5.45
White Chocolate Mocha,Venti,NA,Whole,FALSE,591,550,20,13,0.4,45,300,76,0,74,18,0.2,0.02,0.6,0.02,150,NA,4.75
White Chocolate Mocha,Venti,NA,Whole,TRUE,591,620,27,17,0.5,70,310,78,0,75,18,0.25,0.02,0.6,0.02,150,530,5.45
White Chocolate Mocha,Venti,NA,Whole,TRUE,591,620,27,17,0.5,70,310,78,0,75,18,0.25,0.02,0.6,0.02,150,NA,4.75
White Chocolate Mocha,Venti,NA,Soy,FALSE,591,460,13,6,0,5,270,69,1,64,16,0.15,0.02,0.6,0.2,150,530,5.45
White Chocolate Mocha,Venti,NA,Soy,FALSE,591,460,13,6,0,5,270,69,1,64,16,0.15,0.02,0.6,0.2,150,NA,4.75
White Chocolate Mocha,Venti,NA,Soy,TRUE,591,530,20,11,0.2,30,280,71,1,65,16,0.25,0.02,0.6,0.2,150,530,5.45
White Chocolate Mocha,Venti,NA,Soy,TRUE,591,530,20,11,0.2,30,280,71,1,65,16,0.25,0.02,0.6,0.2,150,NA,4.75
White Chocolate Mocha,Venti,NA,Coconut,FALSE,591,450,16,14,0,5,290,71,0,68,6,0,0.02,0.15,0,150,530,5.45
White Chocolate Mocha,Venti,NA,Coconut,FALSE,591,450,16,14,0,5,290,71,0,68,6,0,0.02,0.15,0,150,NA,4.75
White Chocolate Mocha,Venti,NA,Coconut,TRUE,591,520,23,18,0.2,30,300,73,0,70,7,0.08,0.02,0.15,0,150,530,5.45
White Chocolate Mocha,Venti,NA,Coconut,TRUE,591,520,23,18,0.2,30,300,73,0,70,7,0.08,0.02,0.15,0,150,NA,4.75
Iced White Chocolate Mocha,Tall,NA,Nonfat,FALSE,354,230,4.5,3.5,0,5,135,41,0,40,8,0.08,0.02,0.25,0,75,310,4.65
Iced White Chocolate Mocha,Tall,NA,Nonfat,TRUE,354,310,12,8,0.2,35,150,43,0,41,8,0.15,0.02,0.25,0,75,310,4.65
Iced White Chocolate Mocha,Tall,NA,2%,FALSE,354,250,7,5,0.1,15,140,41,0,39,8,0.08,0.02,0.25,0,75,310,4.65
Iced White Chocolate Mocha,Tall,NA,2%,TRUE,354,330,15,10,0.3,45,150,43,0,41,8,0.15,0.02,0.25,0,75,310,4.65
Iced White Chocolate Mocha,Tall,NA,Whole,FALSE,354,270,9,6,0.1,15,140,41,0,39,7,0.06,0.02,0.25,0,75,310,4.65
Iced White Chocolate Mocha,Tall,NA,Whole,TRUE,354,350,17,11,0.4,45,150,43,0,41,8,0.15,0.02,0.25,0,75,310,4.65
Iced White Chocolate Mocha,Tall,NA,Soy,FALSE,354,240,6,3.5,0,5,130,38,1,36,7,0.06,0.02,0.25,0.08,75,310,4.65
Iced White Chocolate Mocha,Tall,NA,Soy,TRUE,354,320,14,9,0.2,35,140,41,1,38,7,0.15,0.02,0.25,0.08,75,310,4.65
Iced White Chocolate Mocha,Tall,NA,Coconut,FALSE,354,230,7,6,0,5,135,39,0,37,3,0,0.02,0.1,0,75,310,4.65
Iced White Chocolate Mocha,Tall,NA,Coconut,TRUE,354,310,15,11,0.2,35,140,41,0,39,4,0.1,0.02,0.1,0,75,310,4.65
Iced White Chocolate Mocha,Grande,NA,Nonfat,FALSE,473,310,6,4.5,0,10,170,54,0,52,10,0.1,0.02,0.3,0,150,420,4.95
Iced White Chocolate Mocha,Grande,NA,Nonfat,TRUE,473,420,17,12,0.3,50,190,58,0,55,11,0.25,0.02,0.35,0,150,420,4.95
Iced White Chocolate Mocha,Grande,NA,2%,FALSE,473,330,9,6,0.1,20,180,54,0,52,10,0.1,0.02,0.3,0,150,420,4.95
Iced White Chocolate Mocha,Grande,NA,2%,TRUE,473,450,20,13,0.4,60,200,57,0,54,11,0.2,0.02,0.3,0,150,420,4.95
Iced White Chocolate Mocha,Grande,NA,Whole,FALSE,473,350,11,8,0.2,20,180,54,0,52,10,0.08,0.02,0.3,0,150,420,4.95
Iced White Chocolate Mocha,Grande,NA,Whole,TRUE,473,470,22,15,0.5,65,190,57,0,54,10,0.2,0.02,0.3,0,150,420,4.95
Iced White Chocolate Mocha,Grande,NA,Soy,FALSE,473,320,8,5,0,5,170,51,1,48,9,0.06,0.02,0.3,0.1,150,420,4.95
Iced White Chocolate Mocha,Grande,NA,Soy,TRUE,473,430,19,12,0.3,45,180,55,1,50,10,0.2,0.02,0.35,0.1,150,420,4.95
Iced White Chocolate Mocha,Grande,NA,Coconut,FALSE,473,310,9,8,0,5,170,52,0,49,5,0,0.02,0.1,0,150,420,4.95
Iced White Chocolate Mocha,Grande,NA,Coconut,TRUE,473,420,20,15,0.3,45,180,55,0,52,5,0.15,0.02,0.15,0,150,420,4.95
Iced White Chocolate Mocha,Venti,NA,Nonfat,FALSE,709,450,9,7,0,10,260,81,0,77,14,0.15,0.02,0.45,0,225,560,5.65
Iced White Chocolate Mocha,Venti,NA,Nonfat,TRUE,709,570,20,14,0.3,55,270,84,0,80,15,0.25,0.02,0.45,0.02,225,560,5.65
Iced White Chocolate Mocha,Venti,NA,2%,FALSE,709,490,13,9,0.1,25,270,80,0,77,14,0.15,0.04,0.45,0,225,560,5.65
Iced White Chocolate Mocha,Venti,NA,2%,TRUE,709,600,24,16,0.5,65,280,84,0,79,15,0.25,0.04,0.45,0,225,560,5.65
Iced White Chocolate Mocha,Venti,NA,Whole,FALSE,709,520,16,11,0.2,30,260,80,0,77,14,0.1,0.02,0.4,0,225,560,5.65
Iced White Chocolate Mocha,Venti,NA,Whole,TRUE,709,630,27,18,0.5,70,270,84,0,79,15,0.25,0.02,0.45,0.02,225,560,5.65
Iced White Chocolate Mocha,Venti,NA,Soy,FALSE,709,470,12,7,0,10,250,77,1,71,13,0.1,0.02,0.45,0.1,225,560,5.65
Iced White Chocolate Mocha,Venti,NA,Soy,TRUE,709,580,23,14,0.3,50,260,80,1,74,14,0.2,0.02,0.45,0.1,225,560,5.65
Iced White Chocolate Mocha,Venti,NA,Coconut,FALSE,709,450,13,12,0,10,250,77,0,73,7,0,0.02,0.2,0,225,560,5.65
Iced White Chocolate Mocha,Venti,NA,Coconut,TRUE,709,570,25,19,0.3,50,260,80,0,76,8,0.15,0.02,0.2,0,225,560,5.65
Iced Black Tea,Tall,NA,NA,NA,354,60,0,0,0,0,5,15,0,15,0,0,0,0,0,20-25,0,2.45
Iced Black Tea,Grande,NA,NA,NA,473,80,0,0,0,0,10,20,0,20,0,0,0,0,0,25-30,0,2.95
Iced Black Tea,Venti,NA,NA,NA,709,120,0,0,0,0,15,30,0,30,0,0,0,0.02,0,40-45,0,3.25
Iced Black Tea,Trenta,NA,NA,NA,887,140,0,0,0,0,20,35,0,34,0,0,0,0.02,0,50-55,0,3.65
Iced Black Tea Lemonade,Tall,NA,NA,NA,354,90,0,0,0,0,5,24,0,24,0.1,0,0.1,0,0,20-25,35,2.95
Iced Black Tea Lemonade,Grande,NA,NA,NA,473,120,0,0,0,0,5,32,0,32,0.1,0,0.15,0,0,25-30,50,3.45
Iced Black Tea Lemonade,Venti,NA,NA,NA,709,190,0,0,0,0,10,48,0,47,0.1,0,0.2,0.02,0,40-45,70,3.95
Iced Black Tea Lemonade,Trenta,NA,NA,NA,887,220,0,0,0,0,10,58,0,57,0.1,0,0.25,0.02,0,50-55,90,4.45
Chai Tea Latte,Short,NA,Nonfat,NA,236,100,0.1,0.1,0,0,50,22,0,21,4,0.06,0,0.1,0,50,120,3.85
Chai Tea Latte,Short,NA,2%,NA,236,120,2,1,0.1,10,55,22,0,21,4,0.06,0,0.1,0,50,120,3.85
Chai Tea Latte,Short,NA,Whole,NA,236,130,3.5,2,0.1,10,55,22,0,21,4,0.06,0,0.1,0,50,120,3.85
Chai Tea Latte,Short,NA,Soy,NA,236,110,1.5,0.2,0,0,45,20,0,18,3,0.04,0,0.1,0.06,50,120,3.85
Chai Tea Latte,Short,NA,Coconut,NA,236,100,2.5,2.5,0,0,50,21,0,19,1,0,0,0,0,50,120,3.85
Chai Tea Latte,Tall,NA,Nonfat,NA,354,160,0.2,0.1,0,5,80,34,0,32,6,0.1,0,0.2,0.02,70,190,3.95
Chai Tea Latte,Tall,NA,2%,NA,354,190,3.5,1.5,0.1,15,90,34,0,32,6,0.1,0,0.2,0.02,70,190,3.95
Chai Tea Latte,Tall,NA,Whole,NA,354,200,6,3,0.2,15,80,34,0,32,6,0.08,0,0.2,0.02,70,190,3.95
Chai Tea Latte,Tall,NA,Soy,NA,354,160,2.5,0.3,0,0,70,31,1,28,5,0.06,0,0.2,0.1,70,190,3.95
Chai Tea Latte,Tall,NA,Coconut,NA,354,160,3.5,3.5,0,0,75,31,0,29,1,0,0,0,0.02,70,190,3.95
Chai Tea Latte,Grande,NA,Nonfat,NA,473,210,0.2,0.1,0,5,105,45,0,43,8,0.15,0,0.25,0.02,95,240,4.65
Chai Tea Latte,Grande,NA,2%,NA,473,240,4.5,2,0.1,20,115,45,0,42,8,0.1,0,0.25,0.02,95,240,4.65
Chai Tea Latte,Grande,NA,Whole,NA,473,270,7,4,0.2,20,105,45,0,42,7,0.1,0,0.25,0.02,95,240,4.65
Chai Tea Latte,Grande,NA,Soy,NA,473,220,3.5,0.4,0,0,90,41,1,37,6,0.08,0,0.25,0.1,95,240,4.65
Chai Tea Latte,Grande,NA,Coconut,NA,473,210,4.5,4.5,0,0,95,41,0,39,1,0,0,0,0.02,95,240,4.65
Chai Tea Latte,Venti,NA,Nonfat,NA,591,260,0.3,0.2,0,5,135,57,0,54,10,0.15,0,0.35,0.02,120,310,4.95
Chai Tea Latte,Venti,NA,2%,NA,591,310,6,3,0.2,25,150,56,0,53,10,0.15,0.02,0.3,0.02,120,310,4.95
Chai Tea Latte,Venti,NA,Whole,NA,591,340,9,5,0.3,30,135,56,0,53,10,0.15,0,0.3,0.02,120,310,4.95
Chai Tea Latte,Venti,NA,Soy,NA,591,280,4.5,0.5,0,0,115,51,1,46,8,0.1,0,0.3,0.15,120,310,4.95
Chai Tea Latte,Venti,NA,Coconut,NA,591,260,6,6,0,0,120,52,0,48,1,0,0,0,0.02,120,310,4.95
Iced Chai Tea Latte,Tall,NA,Nonfat,NA,354,150,0.2,0.1,0,5,75,33,0,31,6,0.1,0,0.2,0.02,70,180,4.25
Iced Chai Tea Latte,Tall,NA,2%,NA,354,180,3,1.5,0.1,10,80,33,0,31,5,0.08,0,0.15,0.02,70,180,4.25
Iced Chai Tea Latte,Tall,NA,Whole,NA,354,190,5,3,0.1,15,75,33,0,31,5,0.08,0,0.15,0.02,70,180,4.25
Iced Chai Tea Latte,Tall,NA,Soy,NA,354,160,2.5,0.3,0,0,70,30,1,27,5,0.06,0,0.2,0.08,70,180,4.25
Iced Chai Tea Latte,Tall,NA,Coconut,NA,354,150,3.5,3,0,0,70,31,0,29,1,0,0,0,0.02,70,180,4.25
Iced Chai Tea Latte,Grande,NA,Nonfat,NA,473,200,0.2,0.1,0,5,100,44,0,42,8,0.15,0,0.25,0.02,95,240,4.75
Iced Chai Tea Latte,Grande,NA,2%,NA,473,240,4,2,0.1,15,110,44,0,42,7,0.1,0,0.25,0.02,95,240,4.75
Iced Chai Tea Latte,Grande,NA,Whole,NA,473,260,7,4,0.2,20,105,44,0,42,7,0.1,0,0.2,0.02,95,240,4.75
Iced Chai Tea Latte,Grande,NA,Soy,NA,473,220,3.5,0.4,0,0,90,41,1,37,6,0.08,0,0.25,0.1,95,240,4.75
Iced Chai Tea Latte,Grande,NA,Coconut,NA,473,200,4.5,4.5,0,0,95,41,0,38,1,0,0,0,0.02,95,240,4.75
Iced Chai Tea Latte,Venti,NA,Nonfat,NA,709,300,0.3,0.2,0,5,140,65,0,62,11,0.2,0,0.35,0.02,145,350,4.95
Iced Chai Tea Latte,Venti,NA,2%,NA,709,350,6,3,0.2,25,160,65,0,61,10,0.15,0.02,0.35,0.02,145,350,4.95
Iced Chai Tea Latte,Venti,NA,Whole,NA,709,380,9,5,0.3,30,140,65,0,61,10,0.15,0,0.3,0.02,145,350,4.95
Iced Chai Tea Latte,Venti,NA,Soy,NA,709,320,4.5,0.5,0,0,130,60,1,55,9,0.1,0,0.35,0.15,145,350,4.95
Iced Chai Tea Latte,Venti,NA,Coconut,NA,709,300,6,6,0,0,135,61,0,57,1,0,0,0.02,0.02,145,350,4.95
Iced Green Tea,Tall,NA,NA,NA,354,60,0,0,0,0,5,15,0,15,0,0,0,0,0,20-25,0,2.45
Iced Green Tea,Grande,NA,NA,NA,473,80,0,0,0,0,10,20,0,20,0,0,0,0,0,25-30,0,2.95
Iced Green Tea,Venti,NA,NA,NA,709,120,0,0,0,0,15,30,0,30,0,0,0,0.02,0,40-45,0,3.25
Iced Green Tea,Trenta,NA,NA,NA,887,140,0,0,0,0,20,35,0,34,0,0,0,0.02,0,50-55,0,3.65
Iced Green Tea Lemonade,Tall,NA,NA,NA,354,90,0,0,0,0,5,24,0,24,0.1,0,0.1,0,0,20-25,35,2.95
Iced Green Tea Lemonade,Grande,NA,NA,NA,473,120,0,0,0,0,5,32,0,32,0.1,0,0.15,0,0,25-30,50,3.45
Iced Green Tea Lemonade,Venti,NA,NA,NA,709,190,0,0,0,0,10,48,0,47,0.1,0,0.2,0.02,0,40-45,70,3.95
Iced Green Tea Lemonade,Trenta,NA,NA,NA,887,220,0,0,0,0,10,58,0,57,0.1,0,0.25,0.02,0,50-55,90,4.45
Jade Citrus Mint Brewed Tea,Short,NA,NA,NA,236,0,0,0,0,0,0,0,0,0,0,0,0,0,0,16-25,0,2.35
Jade Citrus Mint Brewed Tea,Tall,NA,NA,NA,354,0,0,0,0,0,0,0,0,0,0,0,0,0,0,16-25,0,2.45
Jade Citrus Mint Brewed Tea,Grande,NA,NA,NA,473,0,0,0,0,0,0,0,0,0,0,0,0,0,0,40+,0,2.75
Jade Citrus Mint Brewed Tea,Venti,NA,NA,NA,591,0,0,0,0,0,0,0,0,0,0,0,0,0,0,40+,0,2.95
Blended Strawberry Lemonade,Tall,NA,NA,NA,354,160,0.1,0,0,0,120,40,0,39,0.2,0,0.15,0.02,0.02,0,130,3.45
Blended Strawberry Lemonade,Grande,NA,NA,NA,473,200,0.1,0,0,0,160,52,1,50,0.3,0,0.2,0.02,0.04,0,190,3.95
Blended Strawberry Lemonade,Venti,NA,NA,NA,709,280,0.1,0,0,0,210,71,1,69,0.4,0,0.3,0.02,0.04,0,260,4.45
Caramel Apple Spice,Short,NA,NA,FALSE,236,140,0,0,0,0,10,35,0,33,0,0,0,0,0,0,220,2.85
Caramel Apple Spice,Short,NA,NA,TRUE,236,210,6,3.5,0.2,20,20,40,0,37,0.3,0.06,0,0,0,0,220,2.85
Caramel Apple Spice,Tall,NA,NA,FALSE,354,210,0,0,0,0,15,53,0,49,0,0,0,0,0,0,310,2.95
Caramel Apple Spice,Tall,NA,NA,TRUE,354,300,7,4.5,0.2,25,30,59,0,55,0.4,0.08,0,0.02,0,0,310,2.95
Caramel Apple Spice,Grande,NA,NA,FALSE,473,280,0,0,0,0,20,70,0,65,0,0,0,0,0,0,380,3.45
Caramel Apple Spice,Grande,NA,NA,TRUE,473,380,8,5,0.2,30,35,76,0,71,0.5,0.1,0,0.02,0,0,380,3.45
Caramel Apple Spice,Venti,NA,NA,FALSE,591,360,0,0,0,0,25,89,0,83,0,0,0,0,0,0,460,3.65
Caramel Apple Spice,Venti,NA,NA,TRUE,591,450,8,5,0.2,30,40,95,0,88,0.5,0.1,0,0.02,0,0,460,3.65
Hot Chocolate,Short,NA,Nonfat,FALSE,236,140,1.5,1,0,5,70,26,2,23,7,0.1,0,0.2,0.15,15,190,2.85
Hot Chocolate,Short,NA,Nonfat,TRUE,236,200,6,4,0.2,20,95,29,2,24,8,0.1,0.02,0.15,0.2,15,190,2.85
Hot Chocolate,Short,NA,2%,FALSE,236,170,4.5,3,0.1,15,80,26,2,22,7,0.1,0,0.2,0.15,15,190,2.85
Hot Chocolate,Short,NA,2%,TRUE,236,230,10,6,0.3,30,85,28,2,24,7,0.15,0,0.2,0.2,15,190,2.85
Hot Chocolate,Short,NA,Whole,FALSE,236,190,7,4,0.2,15,70,26,2,22,7,0.08,0,0.2,0.15,15,190,2.85
Hot Chocolate,Short,NA,Whole,TRUE,236,250,12,7,0.3,35,80,28,2,24,7,0.15,0,0.2,0.2,15,190,2.85
Hot Chocolate,Short,NA,Soy,FALSE,236,150,3.5,1,0,0,60,23,3,18,6,0.06,0,0.2,0.25,15,190,2.85
Hot Chocolate,Short,NA,Soy,TRUE,236,210,9,4.5,0.2,20,65,25,3,20,6,0.1,0,0.2,0.25,15,190,2.85
Hot Chocolate,Short,NA,Coconut,FALSE,236,140,5,4.5,0,0,70,23,2,20,2,0,0,0,0.15,15,190,2.85
Hot Chocolate,Short,NA,Coconut,TRUE,236,200,10,8,0.2,20,75,26,2,22,2,0.06,0,0.02,0.2,15,190,2.85
Hot Chocolate,Tall,NA,Nonfat,FALSE,354,210,2,1,0,5,110,37,3,32,11,0.15,0,0.3,0.25,20,280,2.95
Hot Chocolate,Tall,NA,Nonfat,TRUE,354,280,8,5,0.2,30,115,40,3,34,11,0.25,0,0.3,0.25,20,280,2.95
Hot Chocolate,Tall,NA,2%,FALSE,354,250,7,4.5,0.2,20,125,37,3,32,11,0.15,0,0.3,0.25,20,280,2.95
Hot Chocolate,Tall,NA,2%,TRUE,354,320,13,8,0.4,45,130,39,3,34,11,0.2,0.02,0.3,0.25,20,280,2.95
Hot Chocolate,Tall,NA,Whole,FALSE,354,280,10,6,0.3,25,110,37,3,32,10,0.1,0,0.3,0.25,20,280,2.95
Hot Chocolate,Tall,NA,Whole,TRUE,354,350,16,10,0.4,50,120,39,3,34,11,0.2,0,0.3,0.25,20,280,2.95
Hot Chocolate,Tall,NA,Soy,FALSE,354,220,6,1.5,0,0,95,32,4,25,9,0.1,0,0.3,0.4,20,280,2.95
Hot Chocolate,Tall,NA,Soy,TRUE,354,290,12,5,0.2,25,100,35,4,28,9,0.15,0,0.3,0.4,20,280,2.95
Hot Chocolate,Tall,NA,Coconut,FALSE,354,210,8,7,0,0,110,33,3,28,3,0,0,0.02,0.25,20,280,2.95
Hot Chocolate,Tall,NA,Coconut,TRUE,354,280,14,10,0.2,25,115,36,3,31,3,0.06,0,0.02,0.25,20,280,2.95
Hot Chocolate,Grande,NA,Nonfat,FALSE,473,270,2.5,1.5,0,5,140,47,4,41,14,0.2,0,0.4,0.35,25,370,3.45
Hot Chocolate,Grande,NA,Nonfat,TRUE,473,350,10,6,0.2,35,150,51,4,43,15,0.3,0,0.4,0.35,25,370,3.45
Hot Chocolate,Grande,NA,2%,FALSE,473,320,9,6,0.3,25,160,47,4,41,14,0.2,0.02,0.4,0.35,25,370,3.45
Hot Chocolate,Grande,NA,2%,TRUE,473,400,16,10,0.5,55,170,50,4,43,14,0.25,0.02,0.4,0.35,25,370,3.45
Hot Chocolate,Grande,NA,Whole,FALSE,473,360,13,8,0.3,35,150,47,4,41,13,0.15,0,0.35,0.35,25,370,3.45
Hot Chocolate,Grande,NA,Whole,TRUE,473,440,20,12,0.5,60,150,50,4,43,14,0.25,0,0.35,0.35,25,370,3.45
Hot Chocolate,Grande,NA,Soy,FALSE,473,280,8,2,0,0,125,41,5,32,12,0.15,0,0.4,0.5,25,370,3.45
Hot Chocolate,Grande,NA,Soy,TRUE,473,360,15,7,0.2,25,130,44,5,35,12,0.2,0,0.4,0.5,25,370,3.45
Hot Chocolate,Grande,NA,Coconut,FALSE,473,270,10,9,0,0,140,42,4,35,4,0,0,0.02,0.35,25,370,3.45
Hot Chocolate,Grande,NA,Coconut,TRUE,473,350,17,13,0.2,25,150,46,4,38,4,0.08,0,0.02,0.35,30,370,3.45
Hot Chocolate,Venti,NA,Nonfat,FALSE,591,350,3.5,2,0,10,180,63,5,55,18,0.25,0,0.5,0.4,35,450,3.65
Hot Chocolate,Venti,NA,Nonfat,TRUE,591,430,10,6,0.2,35,190,66,5,58,18,0.35,0,0.5,0.45,35,450,3.65
Hot Chocolate,Venti,NA,2%,FALSE,591,420,11,7,0.4,35,200,62,5,55,17,0.25,0.02,0.5,0.4,35,450,3.65
Hot Chocolate,Venti,NA,2%,TRUE,591,500,19,12,0.5,60,210,66,5,57,18,0.3,0.02,0.5,0.45,35,450,3.65
Hot Chocolate,Venti,NA,Whole,FALSE,591,470,17,10,0.4,45,190,62,5,55,17,0.2,0,0.45,0.4,35,450,3.65
Hot Chocolate,Venti,NA,Whole,TRUE,591,550,24,14,0.5,70,190,66,5,57,17,0.3,0,0.45,0.45,35,450,3.65
Hot Chocolate,Venti,NA,Soy,FALSE,591,370,9,2.5,0,0,160,55,7,44,15,0.15,0,0.5,0.6,35,450,3.65
Hot Chocolate,Venti,NA,Soy,TRUE,591,450,17,7,0.2,25,170,58,7,46,15,0.25,0,0.5,0.6,35,450,3.65
Hot Chocolate,Venti,NA,Coconut,FALSE,591,360,13,11,0,0,180,57,5,48,4,0,0,0.02,0.4,35,450,3.65
Hot Chocolate,Venti,NA,Coconut,TRUE,591,430,20,15,0.2,25,190,60,5,51,5,0.08,0,0.04,0.45,35,450,3.65
Lemonade,Kids,NA,NA,NA,354,80,0,0,0,0,0,21,0,21,0.1,0,0.25,0,0,0,80,1.95
Lemonade,Tall,NA,NA,NA,354,80,0,0,0,0,0,21,0,21,0.1,0,0.25,0,0,0,80,3.15
Lemonade,Grande,NA,NA,NA,473,110,0,0,0,0,1,29,0,29,0.2,0,0.3,0,0,0,120,3.25
Lemonade,Venti,NA,NA,NA,709,150,0,0,0,0,1,41,0,41,0.2,0,0.45,0,0,0,160,3.55
Lemonade,Trenta,NA,NA,NA,887,180,0,0,0,0,1,49,0,49,0.3,0,0.5,0,0,0,200,4.45
Steamed Apple Juice,Short,NA,NA,NA,236,120,0,0,0,0,10,30,0,27,0,0,0,0,0,0,120,2.35
Steamed Apple Juice,Tall,NA,NA,NA,354,170,0,0,0,0,15,44,0,39,0,0,0,0,0,0,170,2.45
Steamed Apple Juice,Grande,NA,NA,NA,473,220,0,0,0,0,20,55,0,50,0,0,0,0,0,0,220,2.65
Steamed Apple Juice,Venti,NA,NA,NA,591,280,0,0,0,0,25,69,0,62,0,0,0,0,0,0,280,2.95
Steamed Milk,Kids,NA,Nonfat,NA,236,70,0.2,0.1,0,5,85,10,0,10,7,0.1,0,0.25,0,0,100,1.95
Steamed Milk,Kids,NA,2%,NA,236,100,4,2,0.1,15,95,10,0,10,7,0.1,0,0.2,0,0,100,1.95
Steamed Milk,Kids,NA,Whole,NA,236,120,7,4,0.2,20,90,10,0,10,6,0.1,0,0.2,0,0,100,1.95
Steamed Milk,Kids,NA,Soy,NA,236,80,3,0.4,0,0,75,6,1,5,5,0.08,0,0.2,0.1,0,100,1.95
Steamed Milk,Kids,NA,Coconut,NA,236,70,5,4.5,0,0,85,7,0,7,0.5,0,0,0,0,0,100,1.95
Steamed Milk,Short,NA,Nonfat,NA,236,70,0.2,0.1,0,5,85,10,0,10,7,0.1,0,0.25,0,0,100,2.35
Steamed Milk,Short,NA,2%,NA,236,100,4,2,0.1,15,95,10,0,10,7,0.1,0,0.2,0,0,100,2.35
Steamed Milk,Short,NA,Whole,NA,236,120,7,4,0.2,20,90,10,0,10,6,0.1,0,0.2,0,0,100,2.35
Steamed Milk,Short,NA,Soy,NA,236,80,3,0.4,0,0,75,6,1,5,5,0.08,0,0.2,0.1,0,100,2.35
Steamed Milk,Short,NA,Coconut,NA,236,70,5,4.5,0,0,85,7,0,7,0.5,0,0,0,0,0,100,2.35
Steamed Milk,Tall,NA,Nonfat,NA,354,110,0.2,0.2,0,5,130,15,0,15,10,0.2,0,0.35,0,0,160,2.45
Steamed Milk,Tall,NA,2%,NA,354,160,6,3,0.2,25,150,15,0,15,10,0.15,0.02,0.35,0,0,160,2.45
Steamed Milk,Tall,NA,Whole,NA,354,190,10,6,0.3,30,135,15,0,15,10,0.15,0,0.3,0,0,160,2.45
Steamed Milk,Tall,NA,Soy,NA,354,120,4.5,0.5,0,0,110,9,1,7,8,0.1,0,0.35,0.15,0,160,2.45
Steamed Milk,Tall,NA,Coconut,NA,354,110,7,7,0,0,130,11,0,11,1,0,0,0,0,0,160,2.45
Steamed Milk,Grande,NA,Nonfat,NA,473,140,0.3,0.2,0,10,170,20,0,20,14,0.25,0,0.45,0,0,200,2.65
Steamed Milk,Grande,NA,2%,NA,473,200,8,4,0.2,30,190,19,0,19,13,0.25,0.02,0.45,0,0,200,2.65
Steamed Milk,Grande,NA,Whole,NA,473,250,13,8,0.4,40,170,19,0,19,13,0.2,0,0.4,0,0,200,2.65
Steamed Milk,Grande,NA,Soy,NA,473,150,6,1,0,0,150,12,2,9,11,0.15,0,0.45,0.2,0,200,2.65
Steamed Milk,Grande,NA,Coconut,NA,473,150,9,9,0,0,170,15,0,14,1,0,0,0,0,0,200,2.65
Steamed Milk,Venti,NA,Nonfat,NA,591,170,0.4,0.3,0,10,220,25,0,25,17,0.3,0,0.6,0.02,0,260,2.95
Steamed Milk,Venti,NA,2%,NA,591,260,10,5,0.3,40,240,25,0,25,17,0.3,0.02,0.6,0,0,260,2.95
Steamed Milk,Venti,NA,Whole,NA,591,310,17,10,0.5,50,220,25,0,25,16,0.25,0,0.5,0.02,0,260,2.95
Steamed Milk,Venti,NA,Soy,NA,591,200,8,1,0,0,190,16,2,12,14,0.2,0,0.6,0.25,0,260,2.95
Steamed Milk,Venti,NA,Coconut,NA,591,180,12,11,0,0,220,18,0,17,1,0,0,0,0,0,260,2.95
White Hot Chocolate,Short,NA,Nonfat,FALSE,236,180,3,2.5,0,5,125,31,0,30,8,0.1,0,0.25,0,0,240,3.35
White Hot Chocolate,Short,NA,Nonfat,TRUE,236,230,8,6,0.2,25,130,32,0,32,8,0.15,0,0.25,0,0,240,3.35
White Hot Chocolate,Short,NA,2%,FALSE,236,210,6,4,0.1,15,135,30,0,30,8,0.1,0.02,0.25,0,0,240,3.35
White Hot Chocolate,Short,NA,2%,TRUE,236,260,11,7,0.3,35,140,32,0,31,8,0.15,0.02,0.25,0,0,240,3.35
White Hot Chocolate,Short,NA,Whole,FALSE,236,220,8,5,0.2,20,125,30,0,30,7,0.08,0,0.25,0,0,240,3.35
White Hot Chocolate,Short,NA,Whole,TRUE,236,280,14,9,0.3,40,130,32,0,31,8,0.15,0,0.25,0,0,240,3.35
White Hot Chocolate,Short,NA,Soy,FALSE,236,190,5,2.5,0,5,115,27,1,26,6,0.06,0,0.25,0.08,0,240,3.35
White Hot Chocolate,Short,NA,Soy,TRUE,236,240,11,6,0.2,20,120,29,1,27,7,0.1,0,0.25,0.08,0,240,3.35
White Hot Chocolate,Short,NA,Coconut,FALSE,236,180,7,6,0,5,125,28,0,28,2,0,0,0.06,0,0,240,3.35
White Hot Chocolate,Short,NA,Coconut,TRUE,236,230,12,9,0.2,20,130,30,0,29,3,0.06,0,0.06,0,0,240,3.35
White Hot Chocolate,Tall,NA,Nonfat,FALSE,354,270,4.5,3.5,0,10,190,46,0,46,12,0.15,0.02,0.4,0,0,350,3.45
White Hot Chocolate,Tall,NA,Nonfat,TRUE,354,330,11,7,0.2,30,200,48,0,47,12,0.25,0.02,0.4,0,0,350,3.45
White Hot Chocolate,Tall,NA,2%,FALSE,354,310,9,6,0.2,25,200,46,0,46,12,0.15,0.02,0.4,0,0,350,3.45
White Hot Chocolate,Tall,NA,2%,TRUE,354,370,16,10,0.3,45,210,48,0,47,12,0.2,0.02,0.4,0,0,350,3.45
White Hot Chocolate,Tall,NA,Whole,FALSE,354,340,13,8,0.3,30,190,46,0,46,11,0.1,0.02,0.35,0,0,350,3.45
White Hot Chocolate,Tall,NA,Whole,TRUE,354,400,19,12,0.4,55,200,48,0,47,11,0.2,0.02,0.35,0,0,350,3.45
White Hot Chocolate,Tall,NA,Soy,FALSE,354,280,8,4,0,5,180,41,1,39,10,0.1,0.02,0.4,0.15,0,350,3.45
White Hot Chocolate,Tall,NA,Soy,TRUE,354,340,14,8,0.2,25,180,43,1,40,10,0.15,0.02,0.4,0.15,0,350,3.45
White Hot Chocolate,Tall,NA,Coconut,FALSE,354,270,10,9,0,5,190,42,0,42,3,0,0.02,0.1,0,0,350,3.45
White Hot Chocolate,Tall,NA,Coconut,TRUE,354,330,16,13,0.2,25,190,44,0,43,4,0.06,0.02,0.1,0,0,350,3.45
White Hot Chocolate,Grande,NA,Nonfat,FALSE,473,360,6,5,0,10,250,61,0,61,15,0.2,0.02,0.5,0.02,0,440,3.95
White Hot Chocolate,Grande,NA,Nonfat,TRUE,473,430,13,9,0.2,40,260,63,0,62,16,0.3,0.02,0.5,0.02,0,440,3.95
White Hot Chocolate,Grande,NA,2%,FALSE,473,410,12,8,0.2,30,270,61,0,60,15,0.2,0.02,0.5,0,0,440,3.95
White Hot Chocolate,Grande,NA,2%,TRUE,473,480,19,12,0.4,60,270,63,0,62,15,0.25,0.02,0.5,0,0,440,3.95
White Hot Chocolate,Grande,NA,Whole,FALSE,473,450,17,11,0.3,40,250,61,0,60,15,0.15,0.02,0.45,0.02,0,440,3.95
White Hot Chocolate,Grande,NA,Whole,TRUE,473,520,24,15,0.5,65,260,63,0,62,15,0.25,0.02,0.5,0.02,0,440,3.95
White Hot Chocolate,Grande,NA,Soy,FALSE,473,370,11,5,0,5,230,55,1,52,13,0.15,0.02,0.5,0.15,0,440,3.95
White Hot Chocolate,Grande,NA,Soy,TRUE,473,440,18,10,0.2,30,240,57,1,53,13,0.2,0.02,0.5,0.15,0,440,3.95
White Hot Chocolate,Grande,NA,Coconut,FALSE,473,360,13,12,0,5,250,56,0,55,5,0,0.02,0.1,0,0,440,3.95
White Hot Chocolate,Grande,NA,Coconut,TRUE,473,430,20,16,0.2,30,250,58,0,57,5,0.08,0.02,0.15,0,0,440,3.95
White Hot Chocolate,Venti,NA,Nonfat,FALSE,591,450,7,6,0,15,320,77,0,77,20,0.25,0.02,0.6,0.02,0,540,4.15
White Hot Chocolate,Venti,NA,Nonfat,TRUE,591,520,14,10,0.2,40,320,79,0,78,20,0.35,0.02,0.7,0.02,0,540,4.15
White Hot Chocolate,Venti,NA,2%,FALSE,591,520,16,10,0.3,40,340,76,0,76,19,0.25,0.04,0.6,0.02,0,540,4.15
White Hot Chocolate,Venti,NA,2%,TRUE,591,590,23,15,0.5,65,350,78,0,78,20,0.3,0.04,0.6,0.02,0,540,4.15
White Hot Chocolate,Venti,NA,Whole,FALSE,591,570,21,14,0.4,50,320,76,0,76,19,0.2,0.02,0.6,0.02,0,540,4.15
White Hot Chocolate,Venti,NA,Whole,TRUE,591,640,28,18,0.5,75,330,78,0,78,19,0.3,0.02,0.6,0.02,0,540,4.15
White Hot Chocolate,Venti,NA,Soy,FALSE,591,470,14,7,0,5,290,69,2,65,16,0.15,0.02,0.6,0.2,0,540,4.15
White Hot Chocolate,Venti,NA,Soy,TRUE,591,540,21,11,0.2,30,300,71,2,67,17,0.25,0.02,0.6,0.2,0,540,4.15
White Hot Chocolate,Venti,NA,Coconut,FALSE,591,450,17,15,0,5,310,71,0,69,6,0,0.02,0.15,0,0,540,4.15
White Hot Chocolate,Venti,NA,Coconut,TRUE,591,520,24,20,0.2,30,320,73,0,71,6,0.08,0.02,0.15,0,0,540,4.15
